/*
 Navicat Premium Data Transfer

 Source Server         : localhost_3306
 Source Server Type    : MySQL
 Source Server Version : 100424
 Source Host           : localhost:3306
 Source Schema         : toko_sembako_ta

 Target Server Type    : MySQL
 Target Server Version : 100424
 File Encoding         : 65001

 Date: 31/08/2022 11:41:42
*/

SET NAMES utf8mb4;
SET FOREIGN_KEY_CHECKS = 0;

-- ----------------------------
-- Table structure for city
-- ----------------------------
DROP TABLE IF EXISTS `city`;
CREATE TABLE `city`  (
  `id` bigint NOT NULL AUTO_INCREMENT,
  `name` varchar(200) CHARACTER SET latin1 COLLATE latin1_swedish_ci NULL DEFAULT NULL,
  `id_province` bigint NULL DEFAULT NULL,
  `created_at` datetime NULL DEFAULT NULL,
  `updated_at` datetime NULL DEFAULT NULL,
  PRIMARY KEY (`id`) USING BTREE
) ENGINE = InnoDB AUTO_INCREMENT = 502 CHARACTER SET = latin1 COLLATE = latin1_swedish_ci ROW_FORMAT = Dynamic;

-- ----------------------------
-- Records of city
-- ----------------------------
INSERT INTO `city` VALUES (1, 'Aceh Barat', 21, '2022-07-08 17:48:18', '2022-07-08 17:48:18');
INSERT INTO `city` VALUES (2, 'Aceh Barat Daya', 21, '2022-07-08 17:48:18', '2022-07-08 17:48:18');
INSERT INTO `city` VALUES (3, 'Aceh Besar', 21, '2022-07-08 17:48:18', '2022-07-08 17:48:18');
INSERT INTO `city` VALUES (4, 'Aceh Jaya', 21, '2022-07-08 17:48:18', '2022-07-08 17:48:18');
INSERT INTO `city` VALUES (5, 'Aceh Selatan', 21, '2022-07-08 17:48:18', '2022-07-08 17:48:18');
INSERT INTO `city` VALUES (6, 'Aceh Singkil', 21, '2022-07-08 17:48:18', '2022-07-08 17:48:18');
INSERT INTO `city` VALUES (7, 'Aceh Tamiang', 21, '2022-07-08 17:48:18', '2022-07-08 17:48:18');
INSERT INTO `city` VALUES (8, 'Aceh Tengah', 21, '2022-07-08 17:48:18', '2022-07-08 17:48:18');
INSERT INTO `city` VALUES (9, 'Aceh Tenggara', 21, '2022-07-08 17:48:18', '2022-07-08 17:48:18');
INSERT INTO `city` VALUES (10, 'Aceh Timur', 21, '2022-07-08 17:48:18', '2022-07-08 17:48:18');
INSERT INTO `city` VALUES (11, 'Aceh Utara', 21, '2022-07-08 17:48:18', '2022-07-08 17:48:18');
INSERT INTO `city` VALUES (12, 'Agam', 32, '2022-07-08 17:48:18', '2022-07-08 17:48:18');
INSERT INTO `city` VALUES (13, 'Alor', 23, '2022-07-08 17:48:18', '2022-07-08 17:48:18');
INSERT INTO `city` VALUES (14, 'Ambon', 19, '2022-07-08 17:48:18', '2022-07-08 17:48:18');
INSERT INTO `city` VALUES (15, 'Asahan', 34, '2022-07-08 17:48:18', '2022-07-08 17:48:18');
INSERT INTO `city` VALUES (16, 'Asmat', 24, '2022-07-08 17:48:18', '2022-07-08 17:48:18');
INSERT INTO `city` VALUES (17, 'Badung', 1, '2022-07-08 17:48:18', '2022-07-08 17:48:18');
INSERT INTO `city` VALUES (18, 'Balangan', 13, '2022-07-08 17:48:18', '2022-07-08 17:48:18');
INSERT INTO `city` VALUES (19, 'Balikpapan', 15, '2022-07-08 17:48:18', '2022-07-08 17:48:18');
INSERT INTO `city` VALUES (20, 'Banda Aceh', 21, '2022-07-08 17:48:18', '2022-07-08 17:48:18');
INSERT INTO `city` VALUES (21, 'Bandar Lampung', 18, '2022-07-08 17:48:18', '2022-07-08 17:48:18');
INSERT INTO `city` VALUES (22, 'Bandung', 9, '2022-07-08 17:48:18', '2022-07-08 17:48:18');
INSERT INTO `city` VALUES (23, 'Bandung', 9, '2022-07-08 17:48:18', '2022-07-08 17:48:18');
INSERT INTO `city` VALUES (24, 'Bandung Barat', 9, '2022-07-08 17:48:18', '2022-07-08 17:48:18');
INSERT INTO `city` VALUES (25, 'Banggai', 29, '2022-07-08 17:48:18', '2022-07-08 17:48:18');
INSERT INTO `city` VALUES (26, 'Banggai Kepulauan', 29, '2022-07-08 17:48:18', '2022-07-08 17:48:18');
INSERT INTO `city` VALUES (27, 'Bangka', 2, '2022-07-08 17:48:18', '2022-07-08 17:48:18');
INSERT INTO `city` VALUES (28, 'Bangka Barat', 2, '2022-07-08 17:48:18', '2022-07-08 17:48:18');
INSERT INTO `city` VALUES (29, 'Bangka Selatan', 2, '2022-07-08 17:48:18', '2022-07-08 17:48:18');
INSERT INTO `city` VALUES (30, 'Bangka Tengah', 2, '2022-07-08 17:48:18', '2022-07-08 17:48:18');
INSERT INTO `city` VALUES (31, 'Bangkalan', 11, '2022-07-08 17:48:18', '2022-07-08 17:48:18');
INSERT INTO `city` VALUES (32, 'Bangli', 1, '2022-07-08 17:48:18', '2022-07-08 17:48:18');
INSERT INTO `city` VALUES (33, 'Banjar', 13, '2022-07-08 17:48:18', '2022-07-08 17:48:18');
INSERT INTO `city` VALUES (34, 'Banjar', 9, '2022-07-08 17:48:18', '2022-07-08 17:48:18');
INSERT INTO `city` VALUES (35, 'Banjarbaru', 13, '2022-07-08 17:48:18', '2022-07-08 17:48:18');
INSERT INTO `city` VALUES (36, 'Banjarmasin', 13, '2022-07-08 17:48:18', '2022-07-08 17:48:18');
INSERT INTO `city` VALUES (37, 'Banjarnegara', 10, '2022-07-08 17:48:18', '2022-07-08 17:48:18');
INSERT INTO `city` VALUES (38, 'Bantaeng', 28, '2022-07-08 17:48:18', '2022-07-08 17:48:18');
INSERT INTO `city` VALUES (39, 'Bantul', 5, '2022-07-08 17:48:18', '2022-07-08 17:48:18');
INSERT INTO `city` VALUES (40, 'Banyuasin', 33, '2022-07-08 17:48:18', '2022-07-08 17:48:18');
INSERT INTO `city` VALUES (41, 'Banyumas', 10, '2022-07-08 17:48:18', '2022-07-08 17:48:18');
INSERT INTO `city` VALUES (42, 'Banyuwangi', 11, '2022-07-08 17:48:18', '2022-07-08 17:48:18');
INSERT INTO `city` VALUES (43, 'Barito Kuala', 13, '2022-07-08 17:48:18', '2022-07-08 17:48:18');
INSERT INTO `city` VALUES (44, 'Barito Selatan', 14, '2022-07-08 17:48:18', '2022-07-08 17:48:18');
INSERT INTO `city` VALUES (45, 'Barito Timur', 14, '2022-07-08 17:48:18', '2022-07-08 17:48:18');
INSERT INTO `city` VALUES (46, 'Barito Utara', 14, '2022-07-08 17:48:18', '2022-07-08 17:48:18');
INSERT INTO `city` VALUES (47, 'Barru', 28, '2022-07-08 17:48:18', '2022-07-08 17:48:18');
INSERT INTO `city` VALUES (48, 'Batam', 17, '2022-07-08 17:48:18', '2022-07-08 17:48:18');
INSERT INTO `city` VALUES (49, 'Batang', 10, '2022-07-08 17:48:18', '2022-07-08 17:48:18');
INSERT INTO `city` VALUES (50, 'Batang Hari', 8, '2022-07-08 17:48:18', '2022-07-08 17:48:18');
INSERT INTO `city` VALUES (51, 'Batu', 11, '2022-07-08 17:48:18', '2022-07-08 17:48:18');
INSERT INTO `city` VALUES (52, 'Batu Bara', 34, '2022-07-08 17:48:18', '2022-07-08 17:48:18');
INSERT INTO `city` VALUES (53, 'Bau-Bau', 30, '2022-07-08 17:48:18', '2022-07-08 17:48:18');
INSERT INTO `city` VALUES (54, 'Bekasi', 9, '2022-07-08 17:48:18', '2022-07-08 17:48:18');
INSERT INTO `city` VALUES (55, 'Bekasi', 9, '2022-07-08 17:48:18', '2022-07-08 17:48:18');
INSERT INTO `city` VALUES (56, 'Belitung', 2, '2022-07-08 17:48:18', '2022-07-08 17:48:18');
INSERT INTO `city` VALUES (57, 'Belitung Timur', 2, '2022-07-08 17:48:18', '2022-07-08 17:48:18');
INSERT INTO `city` VALUES (58, 'Belu', 23, '2022-07-08 17:48:18', '2022-07-08 17:48:18');
INSERT INTO `city` VALUES (59, 'Bener Meriah', 21, '2022-07-08 17:48:18', '2022-07-08 17:48:18');
INSERT INTO `city` VALUES (60, 'Bengkalis', 26, '2022-07-08 17:48:18', '2022-07-08 17:48:18');
INSERT INTO `city` VALUES (61, 'Bengkayang', 12, '2022-07-08 17:48:18', '2022-07-08 17:48:18');
INSERT INTO `city` VALUES (62, 'Bengkulu', 4, '2022-07-08 17:48:18', '2022-07-08 17:48:18');
INSERT INTO `city` VALUES (63, 'Bengkulu Selatan', 4, '2022-07-08 17:48:18', '2022-07-08 17:48:18');
INSERT INTO `city` VALUES (64, 'Bengkulu Tengah', 4, '2022-07-08 17:48:18', '2022-07-08 17:48:18');
INSERT INTO `city` VALUES (65, 'Bengkulu Utara', 4, '2022-07-08 17:48:18', '2022-07-08 17:48:18');
INSERT INTO `city` VALUES (66, 'Berau', 15, '2022-07-08 17:48:18', '2022-07-08 17:48:18');
INSERT INTO `city` VALUES (67, 'Biak Numfor', 24, '2022-07-08 17:48:18', '2022-07-08 17:48:18');
INSERT INTO `city` VALUES (68, 'Bima', 22, '2022-07-08 17:48:18', '2022-07-08 17:48:18');
INSERT INTO `city` VALUES (69, 'Bima', 22, '2022-07-08 17:48:18', '2022-07-08 17:48:18');
INSERT INTO `city` VALUES (70, 'Binjai', 34, '2022-07-08 17:48:18', '2022-07-08 17:48:18');
INSERT INTO `city` VALUES (71, 'Bintan', 17, '2022-07-08 17:48:18', '2022-07-08 17:48:18');
INSERT INTO `city` VALUES (72, 'Bireuen', 21, '2022-07-08 17:48:18', '2022-07-08 17:48:18');
INSERT INTO `city` VALUES (73, 'Bitung', 31, '2022-07-08 17:48:18', '2022-07-08 17:48:18');
INSERT INTO `city` VALUES (74, 'Blitar', 11, '2022-07-08 17:48:18', '2022-07-08 17:48:18');
INSERT INTO `city` VALUES (75, 'Blitar', 11, '2022-07-08 17:48:18', '2022-07-08 17:48:18');
INSERT INTO `city` VALUES (76, 'Blora', 10, '2022-07-08 17:48:18', '2022-07-08 17:48:18');
INSERT INTO `city` VALUES (77, 'Boalemo', 7, '2022-07-08 17:48:18', '2022-07-08 17:48:18');
INSERT INTO `city` VALUES (78, 'Bogor', 9, '2022-07-08 17:48:18', '2022-07-08 17:48:18');
INSERT INTO `city` VALUES (79, 'Bogor', 9, '2022-07-08 17:48:18', '2022-07-08 17:48:18');
INSERT INTO `city` VALUES (80, 'Bojonegoro', 11, '2022-07-08 17:48:18', '2022-07-08 17:48:18');
INSERT INTO `city` VALUES (81, 'Bolaang Mongondow (Bolmong)', 31, '2022-07-08 17:48:18', '2022-07-08 17:48:18');
INSERT INTO `city` VALUES (82, 'Bolaang Mongondow Selatan', 31, '2022-07-08 17:48:18', '2022-07-08 17:48:18');
INSERT INTO `city` VALUES (83, 'Bolaang Mongondow Timur', 31, '2022-07-08 17:48:18', '2022-07-08 17:48:18');
INSERT INTO `city` VALUES (84, 'Bolaang Mongondow Utara', 31, '2022-07-08 17:48:18', '2022-07-08 17:48:18');
INSERT INTO `city` VALUES (85, 'Bombana', 30, '2022-07-08 17:48:18', '2022-07-08 17:48:18');
INSERT INTO `city` VALUES (86, 'Bondowoso', 11, '2022-07-08 17:48:18', '2022-07-08 17:48:18');
INSERT INTO `city` VALUES (87, 'Bone', 28, '2022-07-08 17:48:18', '2022-07-08 17:48:18');
INSERT INTO `city` VALUES (88, 'Bone Bolango', 7, '2022-07-08 17:48:18', '2022-07-08 17:48:18');
INSERT INTO `city` VALUES (89, 'Bontang', 15, '2022-07-08 17:48:18', '2022-07-08 17:48:18');
INSERT INTO `city` VALUES (90, 'Boven Digoel', 24, '2022-07-08 17:48:18', '2022-07-08 17:48:18');
INSERT INTO `city` VALUES (91, 'Boyolali', 10, '2022-07-08 17:48:18', '2022-07-08 17:48:18');
INSERT INTO `city` VALUES (92, 'Brebes', 10, '2022-07-08 17:48:18', '2022-07-08 17:48:18');
INSERT INTO `city` VALUES (93, 'Bukittinggi', 32, '2022-07-08 17:48:18', '2022-07-08 17:48:18');
INSERT INTO `city` VALUES (94, 'Buleleng', 1, '2022-07-08 17:48:18', '2022-07-08 17:48:18');
INSERT INTO `city` VALUES (95, 'Bulukumba', 28, '2022-07-08 17:48:18', '2022-07-08 17:48:18');
INSERT INTO `city` VALUES (96, 'Bulungan (Bulongan)', 16, '2022-07-08 17:48:18', '2022-07-08 17:48:18');
INSERT INTO `city` VALUES (97, 'Bungo', 8, '2022-07-08 17:48:18', '2022-07-08 17:48:18');
INSERT INTO `city` VALUES (98, 'Buol', 29, '2022-07-08 17:48:18', '2022-07-08 17:48:18');
INSERT INTO `city` VALUES (99, 'Buru', 19, '2022-07-08 17:48:18', '2022-07-08 17:48:18');
INSERT INTO `city` VALUES (100, 'Buru Selatan', 19, '2022-07-08 17:48:18', '2022-07-08 17:48:18');
INSERT INTO `city` VALUES (101, 'Buton', 30, '2022-07-08 17:48:18', '2022-07-08 17:48:18');
INSERT INTO `city` VALUES (102, 'Buton Utara', 30, '2022-07-08 17:48:18', '2022-07-08 17:48:18');
INSERT INTO `city` VALUES (103, 'Ciamis', 9, '2022-07-08 17:48:18', '2022-07-08 17:48:18');
INSERT INTO `city` VALUES (104, 'Cianjur', 9, '2022-07-08 17:48:18', '2022-07-08 17:48:18');
INSERT INTO `city` VALUES (105, 'Cilacap', 10, '2022-07-08 17:48:18', '2022-07-08 17:48:18');
INSERT INTO `city` VALUES (106, 'Cilegon', 3, '2022-07-08 17:48:18', '2022-07-08 17:48:18');
INSERT INTO `city` VALUES (107, 'Cimahi', 9, '2022-07-08 17:48:18', '2022-07-08 17:48:18');
INSERT INTO `city` VALUES (108, 'Cirebon', 9, '2022-07-08 17:48:18', '2022-07-08 17:48:18');
INSERT INTO `city` VALUES (109, 'Cirebon', 9, '2022-07-08 17:48:18', '2022-07-08 17:48:18');
INSERT INTO `city` VALUES (110, 'Dairi', 34, '2022-07-08 17:48:18', '2022-07-08 17:48:18');
INSERT INTO `city` VALUES (111, 'Deiyai (Deliyai)', 24, '2022-07-08 17:48:18', '2022-07-08 17:48:18');
INSERT INTO `city` VALUES (112, 'Deli Serdang', 34, '2022-07-08 17:48:18', '2022-07-08 17:48:18');
INSERT INTO `city` VALUES (113, 'Demak', 10, '2022-07-08 17:48:18', '2022-07-08 17:48:18');
INSERT INTO `city` VALUES (114, 'Denpasar', 1, '2022-07-08 17:48:18', '2022-07-08 17:48:18');
INSERT INTO `city` VALUES (115, 'Depok', 9, '2022-07-08 17:48:18', '2022-07-08 17:48:18');
INSERT INTO `city` VALUES (116, 'Dharmasraya', 32, '2022-07-08 17:48:18', '2022-07-08 17:48:18');
INSERT INTO `city` VALUES (117, 'Dogiyai', 24, '2022-07-08 17:48:18', '2022-07-08 17:48:18');
INSERT INTO `city` VALUES (118, 'Dompu', 22, '2022-07-08 17:48:18', '2022-07-08 17:48:18');
INSERT INTO `city` VALUES (119, 'Donggala', 29, '2022-07-08 17:48:18', '2022-07-08 17:48:18');
INSERT INTO `city` VALUES (120, 'Dumai', 26, '2022-07-08 17:48:18', '2022-07-08 17:48:18');
INSERT INTO `city` VALUES (121, 'Empat Lawang', 33, '2022-07-08 17:48:18', '2022-07-08 17:48:18');
INSERT INTO `city` VALUES (122, 'Ende', 23, '2022-07-08 17:48:18', '2022-07-08 17:48:18');
INSERT INTO `city` VALUES (123, 'Enrekang', 28, '2022-07-08 17:48:18', '2022-07-08 17:48:18');
INSERT INTO `city` VALUES (124, 'Fakfak', 25, '2022-07-08 17:48:18', '2022-07-08 17:48:18');
INSERT INTO `city` VALUES (125, 'Flores Timur', 23, '2022-07-08 17:48:18', '2022-07-08 17:48:18');
INSERT INTO `city` VALUES (126, 'Garut', 9, '2022-07-08 17:48:18', '2022-07-08 17:48:18');
INSERT INTO `city` VALUES (127, 'Gayo Lues', 21, '2022-07-08 17:48:18', '2022-07-08 17:48:18');
INSERT INTO `city` VALUES (128, 'Gianyar', 1, '2022-07-08 17:48:18', '2022-07-08 17:48:18');
INSERT INTO `city` VALUES (129, 'Gorontalo', 7, '2022-07-08 17:48:18', '2022-07-08 17:48:18');
INSERT INTO `city` VALUES (130, 'Gorontalo', 7, '2022-07-08 17:48:18', '2022-07-08 17:48:18');
INSERT INTO `city` VALUES (131, 'Gorontalo Utara', 7, '2022-07-08 17:48:18', '2022-07-08 17:48:18');
INSERT INTO `city` VALUES (132, 'Gowa', 28, '2022-07-08 17:48:18', '2022-07-08 17:48:18');
INSERT INTO `city` VALUES (133, 'Gresik', 11, '2022-07-08 17:48:18', '2022-07-08 17:48:18');
INSERT INTO `city` VALUES (134, 'Grobogan', 10, '2022-07-08 17:48:18', '2022-07-08 17:48:18');
INSERT INTO `city` VALUES (135, 'Gunung Kidul', 5, '2022-07-08 17:48:18', '2022-07-08 17:48:18');
INSERT INTO `city` VALUES (136, 'Gunung Mas', 14, '2022-07-08 17:48:18', '2022-07-08 17:48:18');
INSERT INTO `city` VALUES (137, 'Gunungsitoli', 34, '2022-07-08 17:48:18', '2022-07-08 17:48:18');
INSERT INTO `city` VALUES (138, 'Halmahera Barat', 20, '2022-07-08 17:48:18', '2022-07-08 17:48:18');
INSERT INTO `city` VALUES (139, 'Halmahera Selatan', 20, '2022-07-08 17:48:18', '2022-07-08 17:48:18');
INSERT INTO `city` VALUES (140, 'Halmahera Tengah', 20, '2022-07-08 17:48:18', '2022-07-08 17:48:18');
INSERT INTO `city` VALUES (141, 'Halmahera Timur', 20, '2022-07-08 17:48:18', '2022-07-08 17:48:18');
INSERT INTO `city` VALUES (142, 'Halmahera Utara', 20, '2022-07-08 17:48:18', '2022-07-08 17:48:18');
INSERT INTO `city` VALUES (143, 'Hulu Sungai Selatan', 13, '2022-07-08 17:48:18', '2022-07-08 17:48:18');
INSERT INTO `city` VALUES (144, 'Hulu Sungai Tengah', 13, '2022-07-08 17:48:18', '2022-07-08 17:48:18');
INSERT INTO `city` VALUES (145, 'Hulu Sungai Utara', 13, '2022-07-08 17:48:18', '2022-07-08 17:48:18');
INSERT INTO `city` VALUES (146, 'Humbang Hasundutan', 34, '2022-07-08 17:48:18', '2022-07-08 17:48:18');
INSERT INTO `city` VALUES (147, 'Indragiri Hilir', 26, '2022-07-08 17:48:18', '2022-07-08 17:48:18');
INSERT INTO `city` VALUES (148, 'Indragiri Hulu', 26, '2022-07-08 17:48:18', '2022-07-08 17:48:18');
INSERT INTO `city` VALUES (149, 'Indramayu', 9, '2022-07-08 17:48:18', '2022-07-08 17:48:18');
INSERT INTO `city` VALUES (150, 'Intan Jaya', 24, '2022-07-08 17:48:18', '2022-07-08 17:48:18');
INSERT INTO `city` VALUES (151, 'Jakarta Barat', 6, '2022-07-08 17:48:18', '2022-07-08 17:48:18');
INSERT INTO `city` VALUES (152, 'Jakarta Pusat', 6, '2022-07-08 17:48:18', '2022-07-08 17:48:18');
INSERT INTO `city` VALUES (153, 'Jakarta Selatan', 6, '2022-07-08 17:48:18', '2022-07-08 17:48:18');
INSERT INTO `city` VALUES (154, 'Jakarta Timur', 6, '2022-07-08 17:48:18', '2022-07-08 17:48:18');
INSERT INTO `city` VALUES (155, 'Jakarta Utara', 6, '2022-07-08 17:48:18', '2022-07-08 17:48:18');
INSERT INTO `city` VALUES (156, 'Jambi', 8, '2022-07-08 17:48:18', '2022-07-08 17:48:18');
INSERT INTO `city` VALUES (157, 'Jayapura', 24, '2022-07-08 17:48:18', '2022-07-08 17:48:18');
INSERT INTO `city` VALUES (158, 'Jayapura', 24, '2022-07-08 17:48:18', '2022-07-08 17:48:18');
INSERT INTO `city` VALUES (159, 'Jayawijaya', 24, '2022-07-08 17:48:18', '2022-07-08 17:48:18');
INSERT INTO `city` VALUES (160, 'Jember', 11, '2022-07-08 17:48:18', '2022-07-08 17:48:18');
INSERT INTO `city` VALUES (161, 'Jembrana', 1, '2022-07-08 17:48:18', '2022-07-08 17:48:18');
INSERT INTO `city` VALUES (162, 'Jeneponto', 28, '2022-07-08 17:48:18', '2022-07-08 17:48:18');
INSERT INTO `city` VALUES (163, 'Jepara', 10, '2022-07-08 17:48:18', '2022-07-08 17:48:18');
INSERT INTO `city` VALUES (164, 'Jombang', 11, '2022-07-08 17:48:18', '2022-07-08 17:48:18');
INSERT INTO `city` VALUES (165, 'Kaimana', 25, '2022-07-08 17:48:18', '2022-07-08 17:48:18');
INSERT INTO `city` VALUES (166, 'Kampar', 26, '2022-07-08 17:48:18', '2022-07-08 17:48:18');
INSERT INTO `city` VALUES (167, 'Kapuas', 14, '2022-07-08 17:48:18', '2022-07-08 17:48:18');
INSERT INTO `city` VALUES (168, 'Kapuas Hulu', 12, '2022-07-08 17:48:18', '2022-07-08 17:48:18');
INSERT INTO `city` VALUES (169, 'Karanganyar', 10, '2022-07-08 17:48:18', '2022-07-08 17:48:18');
INSERT INTO `city` VALUES (170, 'Karangasem', 1, '2022-07-08 17:48:18', '2022-07-08 17:48:18');
INSERT INTO `city` VALUES (171, 'Karawang', 9, '2022-07-08 17:48:18', '2022-07-08 17:48:18');
INSERT INTO `city` VALUES (172, 'Karimun', 17, '2022-07-08 17:48:18', '2022-07-08 17:48:18');
INSERT INTO `city` VALUES (173, 'Karo', 34, '2022-07-08 17:48:18', '2022-07-08 17:48:18');
INSERT INTO `city` VALUES (174, 'Katingan', 14, '2022-07-08 17:48:18', '2022-07-08 17:48:18');
INSERT INTO `city` VALUES (175, 'Kaur', 4, '2022-07-08 17:48:18', '2022-07-08 17:48:18');
INSERT INTO `city` VALUES (176, 'Kayong Utara', 12, '2022-07-08 17:48:18', '2022-07-08 17:48:18');
INSERT INTO `city` VALUES (177, 'Kebumen', 10, '2022-07-08 17:48:18', '2022-07-08 17:48:18');
INSERT INTO `city` VALUES (178, 'Kediri', 11, '2022-07-08 17:48:18', '2022-07-08 17:48:18');
INSERT INTO `city` VALUES (179, 'Kediri', 11, '2022-07-08 17:48:18', '2022-07-08 17:48:18');
INSERT INTO `city` VALUES (180, 'Keerom', 24, '2022-07-08 17:48:18', '2022-07-08 17:48:18');
INSERT INTO `city` VALUES (181, 'Kendal', 10, '2022-07-08 17:48:18', '2022-07-08 17:48:18');
INSERT INTO `city` VALUES (182, 'Kendari', 30, '2022-07-08 17:48:18', '2022-07-08 17:48:18');
INSERT INTO `city` VALUES (183, 'Kepahiang', 4, '2022-07-08 17:48:18', '2022-07-08 17:48:18');
INSERT INTO `city` VALUES (184, 'Kepulauan Anambas', 17, '2022-07-08 17:48:18', '2022-07-08 17:48:18');
INSERT INTO `city` VALUES (185, 'Kepulauan Aru', 19, '2022-07-08 17:48:18', '2022-07-08 17:48:18');
INSERT INTO `city` VALUES (186, 'Kepulauan Mentawai', 32, '2022-07-08 17:48:18', '2022-07-08 17:48:18');
INSERT INTO `city` VALUES (187, 'Kepulauan Meranti', 26, '2022-07-08 17:48:18', '2022-07-08 17:48:18');
INSERT INTO `city` VALUES (188, 'Kepulauan Sangihe', 31, '2022-07-08 17:48:18', '2022-07-08 17:48:18');
INSERT INTO `city` VALUES (189, 'Kepulauan Seribu', 6, '2022-07-08 17:48:18', '2022-07-08 17:48:18');
INSERT INTO `city` VALUES (190, 'Kepulauan Siau Tagulandang Biaro (Sitaro)', 31, '2022-07-08 17:48:18', '2022-07-08 17:48:18');
INSERT INTO `city` VALUES (191, 'Kepulauan Sula', 20, '2022-07-08 17:48:18', '2022-07-08 17:48:18');
INSERT INTO `city` VALUES (192, 'Kepulauan Talaud', 31, '2022-07-08 17:48:18', '2022-07-08 17:48:18');
INSERT INTO `city` VALUES (193, 'Kepulauan Yapen (Yapen Waropen)', 24, '2022-07-08 17:48:18', '2022-07-08 17:48:18');
INSERT INTO `city` VALUES (194, 'Kerinci', 8, '2022-07-08 17:48:18', '2022-07-08 17:48:18');
INSERT INTO `city` VALUES (195, 'Ketapang', 12, '2022-07-08 17:48:18', '2022-07-08 17:48:18');
INSERT INTO `city` VALUES (196, 'Klaten', 10, '2022-07-08 17:48:18', '2022-07-08 17:48:18');
INSERT INTO `city` VALUES (197, 'Klungkung', 1, '2022-07-08 17:48:18', '2022-07-08 17:48:18');
INSERT INTO `city` VALUES (198, 'Kolaka', 30, '2022-07-08 17:48:18', '2022-07-08 17:48:18');
INSERT INTO `city` VALUES (199, 'Kolaka Utara', 30, '2022-07-08 17:48:18', '2022-07-08 17:48:18');
INSERT INTO `city` VALUES (200, 'Konawe', 30, '2022-07-08 17:48:18', '2022-07-08 17:48:18');
INSERT INTO `city` VALUES (201, 'Konawe Selatan', 30, '2022-07-08 17:48:18', '2022-07-08 17:48:18');
INSERT INTO `city` VALUES (202, 'Konawe Utara', 30, '2022-07-08 17:48:18', '2022-07-08 17:48:18');
INSERT INTO `city` VALUES (203, 'Kotabaru', 13, '2022-07-08 17:48:18', '2022-07-08 17:48:18');
INSERT INTO `city` VALUES (204, 'Kotamobagu', 31, '2022-07-08 17:48:18', '2022-07-08 17:48:18');
INSERT INTO `city` VALUES (205, 'Kotawaringin Barat', 14, '2022-07-08 17:48:18', '2022-07-08 17:48:18');
INSERT INTO `city` VALUES (206, 'Kotawaringin Timur', 14, '2022-07-08 17:48:18', '2022-07-08 17:48:18');
INSERT INTO `city` VALUES (207, 'Kuantan Singingi', 26, '2022-07-08 17:48:18', '2022-07-08 17:48:18');
INSERT INTO `city` VALUES (208, 'Kubu Raya', 12, '2022-07-08 17:48:18', '2022-07-08 17:48:18');
INSERT INTO `city` VALUES (209, 'Kudus', 10, '2022-07-08 17:48:18', '2022-07-08 17:48:18');
INSERT INTO `city` VALUES (210, 'Kulon Progo', 5, '2022-07-08 17:48:18', '2022-07-08 17:48:18');
INSERT INTO `city` VALUES (211, 'Kuningan', 9, '2022-07-08 17:48:18', '2022-07-08 17:48:18');
INSERT INTO `city` VALUES (212, 'Kupang', 23, '2022-07-08 17:48:18', '2022-07-08 17:48:18');
INSERT INTO `city` VALUES (213, 'Kupang', 23, '2022-07-08 17:48:18', '2022-07-08 17:48:18');
INSERT INTO `city` VALUES (214, 'Kutai Barat', 15, '2022-07-08 17:48:18', '2022-07-08 17:48:18');
INSERT INTO `city` VALUES (215, 'Kutai Kartanegara', 15, '2022-07-08 17:48:18', '2022-07-08 17:48:18');
INSERT INTO `city` VALUES (216, 'Kutai Timur', 15, '2022-07-08 17:48:18', '2022-07-08 17:48:18');
INSERT INTO `city` VALUES (217, 'Labuhan Batu', 34, '2022-07-08 17:48:18', '2022-07-08 17:48:18');
INSERT INTO `city` VALUES (218, 'Labuhan Batu Selatan', 34, '2022-07-08 17:48:18', '2022-07-08 17:48:18');
INSERT INTO `city` VALUES (219, 'Labuhan Batu Utara', 34, '2022-07-08 17:48:18', '2022-07-08 17:48:18');
INSERT INTO `city` VALUES (220, 'Lahat', 33, '2022-07-08 17:48:18', '2022-07-08 17:48:18');
INSERT INTO `city` VALUES (221, 'Lamandau', 14, '2022-07-08 17:48:18', '2022-07-08 17:48:18');
INSERT INTO `city` VALUES (222, 'Lamongan', 11, '2022-07-08 17:48:18', '2022-07-08 17:48:18');
INSERT INTO `city` VALUES (223, 'Lampung Barat', 18, '2022-07-08 17:48:18', '2022-07-08 17:48:18');
INSERT INTO `city` VALUES (224, 'Lampung Selatan', 18, '2022-07-08 17:48:18', '2022-07-08 17:48:18');
INSERT INTO `city` VALUES (225, 'Lampung Tengah', 18, '2022-07-08 17:48:18', '2022-07-08 17:48:18');
INSERT INTO `city` VALUES (226, 'Lampung Timur', 18, '2022-07-08 17:48:18', '2022-07-08 17:48:18');
INSERT INTO `city` VALUES (227, 'Lampung Utara', 18, '2022-07-08 17:48:18', '2022-07-08 17:48:18');
INSERT INTO `city` VALUES (228, 'Landak', 12, '2022-07-08 17:48:18', '2022-07-08 17:48:18');
INSERT INTO `city` VALUES (229, 'Langkat', 34, '2022-07-08 17:48:18', '2022-07-08 17:48:18');
INSERT INTO `city` VALUES (230, 'Langsa', 21, '2022-07-08 17:48:18', '2022-07-08 17:48:18');
INSERT INTO `city` VALUES (231, 'Lanny Jaya', 24, '2022-07-08 17:48:18', '2022-07-08 17:48:18');
INSERT INTO `city` VALUES (232, 'Lebak', 3, '2022-07-08 17:48:18', '2022-07-08 17:48:18');
INSERT INTO `city` VALUES (233, 'Lebong', 4, '2022-07-08 17:48:18', '2022-07-08 17:48:18');
INSERT INTO `city` VALUES (234, 'Lembata', 23, '2022-07-08 17:48:18', '2022-07-08 17:48:18');
INSERT INTO `city` VALUES (235, 'Lhokseumawe', 21, '2022-07-08 17:48:18', '2022-07-08 17:48:18');
INSERT INTO `city` VALUES (236, 'Lima Puluh Koto/Kota', 32, '2022-07-08 17:48:18', '2022-07-08 17:48:18');
INSERT INTO `city` VALUES (237, 'Lingga', 17, '2022-07-08 17:48:18', '2022-07-08 17:48:18');
INSERT INTO `city` VALUES (238, 'Lombok Barat', 22, '2022-07-08 17:48:18', '2022-07-08 17:48:18');
INSERT INTO `city` VALUES (239, 'Lombok Tengah', 22, '2022-07-08 17:48:18', '2022-07-08 17:48:18');
INSERT INTO `city` VALUES (240, 'Lombok Timur', 22, '2022-07-08 17:48:18', '2022-07-08 17:48:18');
INSERT INTO `city` VALUES (241, 'Lombok Utara', 22, '2022-07-08 17:48:18', '2022-07-08 17:48:18');
INSERT INTO `city` VALUES (242, 'Lubuk Linggau', 33, '2022-07-08 17:48:18', '2022-07-08 17:48:18');
INSERT INTO `city` VALUES (243, 'Lumajang', 11, '2022-07-08 17:48:18', '2022-07-08 17:48:18');
INSERT INTO `city` VALUES (244, 'Luwu', 28, '2022-07-08 17:48:18', '2022-07-08 17:48:18');
INSERT INTO `city` VALUES (245, 'Luwu Timur', 28, '2022-07-08 17:48:18', '2022-07-08 17:48:18');
INSERT INTO `city` VALUES (246, 'Luwu Utara', 28, '2022-07-08 17:48:18', '2022-07-08 17:48:18');
INSERT INTO `city` VALUES (247, 'Madiun', 11, '2022-07-08 17:48:18', '2022-07-08 17:48:18');
INSERT INTO `city` VALUES (248, 'Madiun', 11, '2022-07-08 17:48:18', '2022-07-08 17:48:18');
INSERT INTO `city` VALUES (249, 'Magelang', 10, '2022-07-08 17:48:18', '2022-07-08 17:48:18');
INSERT INTO `city` VALUES (250, 'Magelang', 10, '2022-07-08 17:48:18', '2022-07-08 17:48:18');
INSERT INTO `city` VALUES (251, 'Magetan', 11, '2022-07-08 17:48:18', '2022-07-08 17:48:18');
INSERT INTO `city` VALUES (252, 'Majalengka', 9, '2022-07-08 17:48:18', '2022-07-08 17:48:18');
INSERT INTO `city` VALUES (253, 'Majene', 27, '2022-07-08 17:48:18', '2022-07-08 17:48:18');
INSERT INTO `city` VALUES (254, 'Makassar', 28, '2022-07-08 17:48:18', '2022-07-08 17:48:18');
INSERT INTO `city` VALUES (255, 'Malang', 11, '2022-07-08 17:48:18', '2022-07-08 17:48:18');
INSERT INTO `city` VALUES (256, 'Malang', 11, '2022-07-08 17:48:18', '2022-07-08 17:48:18');
INSERT INTO `city` VALUES (257, 'Malinau', 16, '2022-07-08 17:48:18', '2022-07-08 17:48:18');
INSERT INTO `city` VALUES (258, 'Maluku Barat Daya', 19, '2022-07-08 17:48:18', '2022-07-08 17:48:18');
INSERT INTO `city` VALUES (259, 'Maluku Tengah', 19, '2022-07-08 17:48:18', '2022-07-08 17:48:18');
INSERT INTO `city` VALUES (260, 'Maluku Tenggara', 19, '2022-07-08 17:48:18', '2022-07-08 17:48:18');
INSERT INTO `city` VALUES (261, 'Maluku Tenggara Barat', 19, '2022-07-08 17:48:18', '2022-07-08 17:48:18');
INSERT INTO `city` VALUES (262, 'Mamasa', 27, '2022-07-08 17:48:18', '2022-07-08 17:48:18');
INSERT INTO `city` VALUES (263, 'Mamberamo Raya', 24, '2022-07-08 17:48:18', '2022-07-08 17:48:18');
INSERT INTO `city` VALUES (264, 'Mamberamo Tengah', 24, '2022-07-08 17:48:18', '2022-07-08 17:48:18');
INSERT INTO `city` VALUES (265, 'Mamuju', 27, '2022-07-08 17:48:18', '2022-07-08 17:48:18');
INSERT INTO `city` VALUES (266, 'Mamuju Utara', 27, '2022-07-08 17:48:18', '2022-07-08 17:48:18');
INSERT INTO `city` VALUES (267, 'Manado', 31, '2022-07-08 17:48:18', '2022-07-08 17:48:18');
INSERT INTO `city` VALUES (268, 'Mandailing Natal', 34, '2022-07-08 17:48:18', '2022-07-08 17:48:18');
INSERT INTO `city` VALUES (269, 'Manggarai', 23, '2022-07-08 17:48:18', '2022-07-08 17:48:18');
INSERT INTO `city` VALUES (270, 'Manggarai Barat', 23, '2022-07-08 17:48:18', '2022-07-08 17:48:18');
INSERT INTO `city` VALUES (271, 'Manggarai Timur', 23, '2022-07-08 17:48:18', '2022-07-08 17:48:18');
INSERT INTO `city` VALUES (272, 'Manokwari', 25, '2022-07-08 17:48:18', '2022-07-08 17:48:18');
INSERT INTO `city` VALUES (273, 'Manokwari Selatan', 25, '2022-07-08 17:48:18', '2022-07-08 17:48:18');
INSERT INTO `city` VALUES (274, 'Mappi', 24, '2022-07-08 17:48:18', '2022-07-08 17:48:18');
INSERT INTO `city` VALUES (275, 'Maros', 28, '2022-07-08 17:48:18', '2022-07-08 17:48:18');
INSERT INTO `city` VALUES (276, 'Mataram', 22, '2022-07-08 17:48:18', '2022-07-08 17:48:18');
INSERT INTO `city` VALUES (277, 'Maybrat', 25, '2022-07-08 17:48:18', '2022-07-08 17:48:18');
INSERT INTO `city` VALUES (278, 'Medan', 34, '2022-07-08 17:48:18', '2022-07-08 17:48:18');
INSERT INTO `city` VALUES (279, 'Melawi', 12, '2022-07-08 17:48:18', '2022-07-08 17:48:18');
INSERT INTO `city` VALUES (280, 'Merangin', 8, '2022-07-08 17:48:18', '2022-07-08 17:48:18');
INSERT INTO `city` VALUES (281, 'Merauke', 24, '2022-07-08 17:48:18', '2022-07-08 17:48:18');
INSERT INTO `city` VALUES (282, 'Mesuji', 18, '2022-07-08 17:48:18', '2022-07-08 17:48:18');
INSERT INTO `city` VALUES (283, 'Metro', 18, '2022-07-08 17:48:18', '2022-07-08 17:48:18');
INSERT INTO `city` VALUES (284, 'Mimika', 24, '2022-07-08 17:48:18', '2022-07-08 17:48:18');
INSERT INTO `city` VALUES (285, 'Minahasa', 31, '2022-07-08 17:48:18', '2022-07-08 17:48:18');
INSERT INTO `city` VALUES (286, 'Minahasa Selatan', 31, '2022-07-08 17:48:18', '2022-07-08 17:48:18');
INSERT INTO `city` VALUES (287, 'Minahasa Tenggara', 31, '2022-07-08 17:48:18', '2022-07-08 17:48:18');
INSERT INTO `city` VALUES (288, 'Minahasa Utara', 31, '2022-07-08 17:48:18', '2022-07-08 17:48:18');
INSERT INTO `city` VALUES (289, 'Mojokerto', 11, '2022-07-08 17:48:18', '2022-07-08 17:48:18');
INSERT INTO `city` VALUES (290, 'Mojokerto', 11, '2022-07-08 17:48:18', '2022-07-08 17:48:18');
INSERT INTO `city` VALUES (291, 'Morowali', 29, '2022-07-08 17:48:18', '2022-07-08 17:48:18');
INSERT INTO `city` VALUES (292, 'Muara Enim', 33, '2022-07-08 17:48:18', '2022-07-08 17:48:18');
INSERT INTO `city` VALUES (293, 'Muaro Jambi', 8, '2022-07-08 17:48:18', '2022-07-08 17:48:18');
INSERT INTO `city` VALUES (294, 'Muko Muko', 4, '2022-07-08 17:48:18', '2022-07-08 17:48:18');
INSERT INTO `city` VALUES (295, 'Muna', 30, '2022-07-08 17:48:18', '2022-07-08 17:48:18');
INSERT INTO `city` VALUES (296, 'Murung Raya', 14, '2022-07-08 17:48:18', '2022-07-08 17:48:18');
INSERT INTO `city` VALUES (297, 'Musi Banyuasin', 33, '2022-07-08 17:48:18', '2022-07-08 17:48:18');
INSERT INTO `city` VALUES (298, 'Musi Rawas', 33, '2022-07-08 17:48:18', '2022-07-08 17:48:18');
INSERT INTO `city` VALUES (299, 'Nabire', 24, '2022-07-08 17:48:18', '2022-07-08 17:48:18');
INSERT INTO `city` VALUES (300, 'Nagan Raya', 21, '2022-07-08 17:48:18', '2022-07-08 17:48:18');
INSERT INTO `city` VALUES (301, 'Nagekeo', 23, '2022-07-08 17:48:18', '2022-07-08 17:48:18');
INSERT INTO `city` VALUES (302, 'Natuna', 17, '2022-07-08 17:48:18', '2022-07-08 17:48:18');
INSERT INTO `city` VALUES (303, 'Nduga', 24, '2022-07-08 17:48:18', '2022-07-08 17:48:18');
INSERT INTO `city` VALUES (304, 'Ngada', 23, '2022-07-08 17:48:18', '2022-07-08 17:48:18');
INSERT INTO `city` VALUES (305, 'Nganjuk', 11, '2022-07-08 17:48:18', '2022-07-08 17:48:18');
INSERT INTO `city` VALUES (306, 'Ngawi', 11, '2022-07-08 17:48:18', '2022-07-08 17:48:18');
INSERT INTO `city` VALUES (307, 'Nias', 34, '2022-07-08 17:48:18', '2022-07-08 17:48:18');
INSERT INTO `city` VALUES (308, 'Nias Barat', 34, '2022-07-08 17:48:18', '2022-07-08 17:48:18');
INSERT INTO `city` VALUES (309, 'Nias Selatan', 34, '2022-07-08 17:48:18', '2022-07-08 17:48:18');
INSERT INTO `city` VALUES (310, 'Nias Utara', 34, '2022-07-08 17:48:18', '2022-07-08 17:48:18');
INSERT INTO `city` VALUES (311, 'Nunukan', 16, '2022-07-08 17:48:18', '2022-07-08 17:48:18');
INSERT INTO `city` VALUES (312, 'Ogan Ilir', 33, '2022-07-08 17:48:18', '2022-07-08 17:48:18');
INSERT INTO `city` VALUES (313, 'Ogan Komering Ilir', 33, '2022-07-08 17:48:18', '2022-07-08 17:48:18');
INSERT INTO `city` VALUES (314, 'Ogan Komering Ulu', 33, '2022-07-08 17:48:18', '2022-07-08 17:48:18');
INSERT INTO `city` VALUES (315, 'Ogan Komering Ulu Selatan', 33, '2022-07-08 17:48:18', '2022-07-08 17:48:18');
INSERT INTO `city` VALUES (316, 'Ogan Komering Ulu Timur', 33, '2022-07-08 17:48:18', '2022-07-08 17:48:18');
INSERT INTO `city` VALUES (317, 'Pacitan', 11, '2022-07-08 17:48:18', '2022-07-08 17:48:18');
INSERT INTO `city` VALUES (318, 'Padang', 32, '2022-07-08 17:48:18', '2022-07-08 17:48:18');
INSERT INTO `city` VALUES (319, 'Padang Lawas', 34, '2022-07-08 17:48:18', '2022-07-08 17:48:18');
INSERT INTO `city` VALUES (320, 'Padang Lawas Utara', 34, '2022-07-08 17:48:18', '2022-07-08 17:48:18');
INSERT INTO `city` VALUES (321, 'Padang Panjang', 32, '2022-07-08 17:48:18', '2022-07-08 17:48:18');
INSERT INTO `city` VALUES (322, 'Padang Pariaman', 32, '2022-07-08 17:48:18', '2022-07-08 17:48:18');
INSERT INTO `city` VALUES (323, 'Padang Sidempuan', 34, '2022-07-08 17:48:18', '2022-07-08 17:48:18');
INSERT INTO `city` VALUES (324, 'Pagar Alam', 33, '2022-07-08 17:48:18', '2022-07-08 17:48:18');
INSERT INTO `city` VALUES (325, 'Pakpak Bharat', 34, '2022-07-08 17:48:18', '2022-07-08 17:48:18');
INSERT INTO `city` VALUES (326, 'Palangka Raya', 14, '2022-07-08 17:48:18', '2022-07-08 17:48:18');
INSERT INTO `city` VALUES (327, 'Palembang', 33, '2022-07-08 17:48:18', '2022-07-08 17:48:18');
INSERT INTO `city` VALUES (328, 'Palopo', 28, '2022-07-08 17:48:18', '2022-07-08 17:48:18');
INSERT INTO `city` VALUES (329, 'Palu', 29, '2022-07-08 17:48:18', '2022-07-08 17:48:18');
INSERT INTO `city` VALUES (330, 'Pamekasan', 11, '2022-07-08 17:48:18', '2022-07-08 17:48:18');
INSERT INTO `city` VALUES (331, 'Pandeglang', 3, '2022-07-08 17:48:18', '2022-07-08 17:48:18');
INSERT INTO `city` VALUES (332, 'Pangandaran', 9, '2022-07-08 17:48:18', '2022-07-08 17:48:18');
INSERT INTO `city` VALUES (333, 'Pangkajene Kepulauan', 28, '2022-07-08 17:48:18', '2022-07-08 17:48:18');
INSERT INTO `city` VALUES (334, 'Pangkal Pinang', 2, '2022-07-08 17:48:18', '2022-07-08 17:48:18');
INSERT INTO `city` VALUES (335, 'Paniai', 24, '2022-07-08 17:48:18', '2022-07-08 17:48:18');
INSERT INTO `city` VALUES (336, 'Parepare', 28, '2022-07-08 17:48:18', '2022-07-08 17:48:18');
INSERT INTO `city` VALUES (337, 'Pariaman', 32, '2022-07-08 17:48:18', '2022-07-08 17:48:18');
INSERT INTO `city` VALUES (338, 'Parigi Moutong', 29, '2022-07-08 17:48:18', '2022-07-08 17:48:18');
INSERT INTO `city` VALUES (339, 'Pasaman', 32, '2022-07-08 17:48:18', '2022-07-08 17:48:18');
INSERT INTO `city` VALUES (340, 'Pasaman Barat', 32, '2022-07-08 17:48:18', '2022-07-08 17:48:18');
INSERT INTO `city` VALUES (341, 'Paser', 15, '2022-07-08 17:48:18', '2022-07-08 17:48:18');
INSERT INTO `city` VALUES (342, 'Pasuruan', 11, '2022-07-08 17:48:18', '2022-07-08 17:48:18');
INSERT INTO `city` VALUES (343, 'Pasuruan', 11, '2022-07-08 17:48:18', '2022-07-08 17:48:18');
INSERT INTO `city` VALUES (344, 'Pati', 10, '2022-07-08 17:48:18', '2022-07-08 17:48:18');
INSERT INTO `city` VALUES (345, 'Payakumbuh', 32, '2022-07-08 17:48:18', '2022-07-08 17:48:18');
INSERT INTO `city` VALUES (346, 'Pegunungan Arfak', 25, '2022-07-08 17:48:18', '2022-07-08 17:48:18');
INSERT INTO `city` VALUES (347, 'Pegunungan Bintang', 24, '2022-07-08 17:48:18', '2022-07-08 17:48:18');
INSERT INTO `city` VALUES (348, 'Pekalongan', 10, '2022-07-08 17:48:18', '2022-07-08 17:48:18');
INSERT INTO `city` VALUES (349, 'Pekalongan', 10, '2022-07-08 17:48:18', '2022-07-08 17:48:18');
INSERT INTO `city` VALUES (350, 'Pekanbaru', 26, '2022-07-08 17:48:18', '2022-07-08 17:48:18');
INSERT INTO `city` VALUES (351, 'Pelalawan', 26, '2022-07-08 17:48:18', '2022-07-08 17:48:18');
INSERT INTO `city` VALUES (352, 'Pemalang', 10, '2022-07-08 17:48:18', '2022-07-08 17:48:18');
INSERT INTO `city` VALUES (353, 'Pematang Siantar', 34, '2022-07-08 17:48:18', '2022-07-08 17:48:18');
INSERT INTO `city` VALUES (354, 'Penajam Paser Utara', 15, '2022-07-08 17:48:18', '2022-07-08 17:48:18');
INSERT INTO `city` VALUES (355, 'Pesawaran', 18, '2022-07-08 17:48:18', '2022-07-08 17:48:18');
INSERT INTO `city` VALUES (356, 'Pesisir Barat', 18, '2022-07-08 17:48:18', '2022-07-08 17:48:18');
INSERT INTO `city` VALUES (357, 'Pesisir Selatan', 32, '2022-07-08 17:48:18', '2022-07-08 17:48:18');
INSERT INTO `city` VALUES (358, 'Pidie', 21, '2022-07-08 17:48:18', '2022-07-08 17:48:18');
INSERT INTO `city` VALUES (359, 'Pidie Jaya', 21, '2022-07-08 17:48:18', '2022-07-08 17:48:18');
INSERT INTO `city` VALUES (360, 'Pinrang', 28, '2022-07-08 17:48:18', '2022-07-08 17:48:18');
INSERT INTO `city` VALUES (361, 'Pohuwato', 7, '2022-07-08 17:48:18', '2022-07-08 17:48:18');
INSERT INTO `city` VALUES (362, 'Polewali Mandar', 27, '2022-07-08 17:48:18', '2022-07-08 17:48:18');
INSERT INTO `city` VALUES (363, 'Ponorogo', 11, '2022-07-08 17:48:18', '2022-07-08 17:48:18');
INSERT INTO `city` VALUES (364, 'Pontianak', 12, '2022-07-08 17:48:18', '2022-07-08 17:48:18');
INSERT INTO `city` VALUES (365, 'Pontianak', 12, '2022-07-08 17:48:18', '2022-07-08 17:48:18');
INSERT INTO `city` VALUES (366, 'Poso', 29, '2022-07-08 17:48:18', '2022-07-08 17:48:18');
INSERT INTO `city` VALUES (367, 'Prabumulih', 33, '2022-07-08 17:48:18', '2022-07-08 17:48:18');
INSERT INTO `city` VALUES (368, 'Pringsewu', 18, '2022-07-08 17:48:18', '2022-07-08 17:48:18');
INSERT INTO `city` VALUES (369, 'Probolinggo', 11, '2022-07-08 17:48:18', '2022-07-08 17:48:18');
INSERT INTO `city` VALUES (370, 'Probolinggo', 11, '2022-07-08 17:48:18', '2022-07-08 17:48:18');
INSERT INTO `city` VALUES (371, 'Pulang Pisau', 14, '2022-07-08 17:48:18', '2022-07-08 17:48:18');
INSERT INTO `city` VALUES (372, 'Pulau Morotai', 20, '2022-07-08 17:48:18', '2022-07-08 17:48:18');
INSERT INTO `city` VALUES (373, 'Puncak', 24, '2022-07-08 17:48:18', '2022-07-08 17:48:18');
INSERT INTO `city` VALUES (374, 'Puncak Jaya', 24, '2022-07-08 17:48:18', '2022-07-08 17:48:18');
INSERT INTO `city` VALUES (375, 'Purbalingga', 10, '2022-07-08 17:48:18', '2022-07-08 17:48:18');
INSERT INTO `city` VALUES (376, 'Purwakarta', 9, '2022-07-08 17:48:18', '2022-07-08 17:48:18');
INSERT INTO `city` VALUES (377, 'Purworejo', 10, '2022-07-08 17:48:18', '2022-07-08 17:48:18');
INSERT INTO `city` VALUES (378, 'Raja Ampat', 25, '2022-07-08 17:48:18', '2022-07-08 17:48:18');
INSERT INTO `city` VALUES (379, 'Rejang Lebong', 4, '2022-07-08 17:48:18', '2022-07-08 17:48:18');
INSERT INTO `city` VALUES (380, 'Rembang', 10, '2022-07-08 17:48:18', '2022-07-08 17:48:18');
INSERT INTO `city` VALUES (381, 'Rokan Hilir', 26, '2022-07-08 17:48:18', '2022-07-08 17:48:18');
INSERT INTO `city` VALUES (382, 'Rokan Hulu', 26, '2022-07-08 17:48:18', '2022-07-08 17:48:18');
INSERT INTO `city` VALUES (383, 'Rote Ndao', 23, '2022-07-08 17:48:18', '2022-07-08 17:48:18');
INSERT INTO `city` VALUES (384, 'Sabang', 21, '2022-07-08 17:48:18', '2022-07-08 17:48:18');
INSERT INTO `city` VALUES (385, 'Sabu Raijua', 23, '2022-07-08 17:48:18', '2022-07-08 17:48:18');
INSERT INTO `city` VALUES (386, 'Salatiga', 10, '2022-07-08 17:48:18', '2022-07-08 17:48:18');
INSERT INTO `city` VALUES (387, 'Samarinda', 15, '2022-07-08 17:48:18', '2022-07-08 17:48:18');
INSERT INTO `city` VALUES (388, 'Sambas', 12, '2022-07-08 17:48:18', '2022-07-08 17:48:18');
INSERT INTO `city` VALUES (389, 'Samosir', 34, '2022-07-08 17:48:18', '2022-07-08 17:48:18');
INSERT INTO `city` VALUES (390, 'Sampang', 11, '2022-07-08 17:48:18', '2022-07-08 17:48:18');
INSERT INTO `city` VALUES (391, 'Sanggau', 12, '2022-07-08 17:48:18', '2022-07-08 17:48:18');
INSERT INTO `city` VALUES (392, 'Sarmi', 24, '2022-07-08 17:48:18', '2022-07-08 17:48:18');
INSERT INTO `city` VALUES (393, 'Sarolangun', 8, '2022-07-08 17:48:18', '2022-07-08 17:48:18');
INSERT INTO `city` VALUES (394, 'Sawah Lunto', 32, '2022-07-08 17:48:18', '2022-07-08 17:48:18');
INSERT INTO `city` VALUES (395, 'Sekadau', 12, '2022-07-08 17:48:18', '2022-07-08 17:48:18');
INSERT INTO `city` VALUES (396, 'Selayar (Kepulauan Selayar)', 28, '2022-07-08 17:48:18', '2022-07-08 17:48:18');
INSERT INTO `city` VALUES (397, 'Seluma', 4, '2022-07-08 17:48:18', '2022-07-08 17:48:18');
INSERT INTO `city` VALUES (398, 'Semarang', 10, '2022-07-08 17:48:18', '2022-07-08 17:48:18');
INSERT INTO `city` VALUES (399, 'Semarang', 10, '2022-07-08 17:48:18', '2022-07-08 17:48:18');
INSERT INTO `city` VALUES (400, 'Seram Bagian Barat', 19, '2022-07-08 17:48:18', '2022-07-08 17:48:18');
INSERT INTO `city` VALUES (401, 'Seram Bagian Timur', 19, '2022-07-08 17:48:18', '2022-07-08 17:48:18');
INSERT INTO `city` VALUES (402, 'Serang', 3, '2022-07-08 17:48:18', '2022-07-08 17:48:18');
INSERT INTO `city` VALUES (403, 'Serang', 3, '2022-07-08 17:48:18', '2022-07-08 17:48:18');
INSERT INTO `city` VALUES (404, 'Serdang Bedagai', 34, '2022-07-08 17:48:18', '2022-07-08 17:48:18');
INSERT INTO `city` VALUES (405, 'Seruyan', 14, '2022-07-08 17:48:18', '2022-07-08 17:48:18');
INSERT INTO `city` VALUES (406, 'Siak', 26, '2022-07-08 17:48:18', '2022-07-08 17:48:18');
INSERT INTO `city` VALUES (407, 'Sibolga', 34, '2022-07-08 17:48:18', '2022-07-08 17:48:18');
INSERT INTO `city` VALUES (408, 'Sidenreng Rappang/Rapang', 28, '2022-07-08 17:48:18', '2022-07-08 17:48:18');
INSERT INTO `city` VALUES (409, 'Sidoarjo', 11, '2022-07-08 17:48:18', '2022-07-08 17:48:18');
INSERT INTO `city` VALUES (410, 'Sigi', 29, '2022-07-08 17:48:18', '2022-07-08 17:48:18');
INSERT INTO `city` VALUES (411, 'Sijunjung (Sawah Lunto Sijunjung)', 32, '2022-07-08 17:48:18', '2022-07-08 17:48:18');
INSERT INTO `city` VALUES (412, 'Sikka', 23, '2022-07-08 17:48:18', '2022-07-08 17:48:18');
INSERT INTO `city` VALUES (413, 'Simalungun', 34, '2022-07-08 17:48:18', '2022-07-08 17:48:18');
INSERT INTO `city` VALUES (414, 'Simeulue', 21, '2022-07-08 17:48:18', '2022-07-08 17:48:18');
INSERT INTO `city` VALUES (415, 'Singkawang', 12, '2022-07-08 17:48:18', '2022-07-08 17:48:18');
INSERT INTO `city` VALUES (416, 'Sinjai', 28, '2022-07-08 17:48:18', '2022-07-08 17:48:18');
INSERT INTO `city` VALUES (417, 'Sintang', 12, '2022-07-08 17:48:18', '2022-07-08 17:48:18');
INSERT INTO `city` VALUES (418, 'Situbondo', 11, '2022-07-08 17:48:18', '2022-07-08 17:48:18');
INSERT INTO `city` VALUES (419, 'Sleman', 5, '2022-07-08 17:48:18', '2022-07-08 17:48:18');
INSERT INTO `city` VALUES (420, 'Solok', 32, '2022-07-08 17:48:18', '2022-07-08 17:48:18');
INSERT INTO `city` VALUES (421, 'Solok', 32, '2022-07-08 17:48:18', '2022-07-08 17:48:18');
INSERT INTO `city` VALUES (422, 'Solok Selatan', 32, '2022-07-08 17:48:18', '2022-07-08 17:48:18');
INSERT INTO `city` VALUES (423, 'Soppeng', 28, '2022-07-08 17:48:18', '2022-07-08 17:48:18');
INSERT INTO `city` VALUES (424, 'Sorong', 25, '2022-07-08 17:48:18', '2022-07-08 17:48:18');
INSERT INTO `city` VALUES (425, 'Sorong', 25, '2022-07-08 17:48:18', '2022-07-08 17:48:18');
INSERT INTO `city` VALUES (426, 'Sorong Selatan', 25, '2022-07-08 17:48:18', '2022-07-08 17:48:18');
INSERT INTO `city` VALUES (427, 'Sragen', 10, '2022-07-08 17:48:18', '2022-07-08 17:48:18');
INSERT INTO `city` VALUES (428, 'Subang', 9, '2022-07-08 17:48:18', '2022-07-08 17:48:18');
INSERT INTO `city` VALUES (429, 'Subulussalam', 21, '2022-07-08 17:48:18', '2022-07-08 17:48:18');
INSERT INTO `city` VALUES (430, 'Sukabumi', 9, '2022-07-08 17:48:18', '2022-07-08 17:48:18');
INSERT INTO `city` VALUES (431, 'Sukabumi', 9, '2022-07-08 17:48:18', '2022-07-08 17:48:18');
INSERT INTO `city` VALUES (432, 'Sukamara', 14, '2022-07-08 17:48:18', '2022-07-08 17:48:18');
INSERT INTO `city` VALUES (433, 'Sukoharjo', 10, '2022-07-08 17:48:18', '2022-07-08 17:48:18');
INSERT INTO `city` VALUES (434, 'Sumba Barat', 23, '2022-07-08 17:48:18', '2022-07-08 17:48:18');
INSERT INTO `city` VALUES (435, 'Sumba Barat Daya', 23, '2022-07-08 17:48:18', '2022-07-08 17:48:18');
INSERT INTO `city` VALUES (436, 'Sumba Tengah', 23, '2022-07-08 17:48:18', '2022-07-08 17:48:18');
INSERT INTO `city` VALUES (437, 'Sumba Timur', 23, '2022-07-08 17:48:18', '2022-07-08 17:48:18');
INSERT INTO `city` VALUES (438, 'Sumbawa', 22, '2022-07-08 17:48:18', '2022-07-08 17:48:18');
INSERT INTO `city` VALUES (439, 'Sumbawa Barat', 22, '2022-07-08 17:48:18', '2022-07-08 17:48:18');
INSERT INTO `city` VALUES (440, 'Sumedang', 9, '2022-07-08 17:48:18', '2022-07-08 17:48:18');
INSERT INTO `city` VALUES (441, 'Sumenep', 11, '2022-07-08 17:48:18', '2022-07-08 17:48:18');
INSERT INTO `city` VALUES (442, 'Sungaipenuh', 8, '2022-07-08 17:48:18', '2022-07-08 17:48:18');
INSERT INTO `city` VALUES (443, 'Supiori', 24, '2022-07-08 17:48:18', '2022-07-08 17:48:18');
INSERT INTO `city` VALUES (444, 'Surabaya', 11, '2022-07-08 17:48:18', '2022-07-08 17:48:18');
INSERT INTO `city` VALUES (445, 'Surakarta (Solo)', 10, '2022-07-08 17:48:18', '2022-07-08 17:48:18');
INSERT INTO `city` VALUES (446, 'Tabalong', 13, '2022-07-08 17:48:18', '2022-07-08 17:48:18');
INSERT INTO `city` VALUES (447, 'Tabanan', 1, '2022-07-08 17:48:18', '2022-07-08 17:48:18');
INSERT INTO `city` VALUES (448, 'Takalar', 28, '2022-07-08 17:48:18', '2022-07-08 17:48:18');
INSERT INTO `city` VALUES (449, 'Tambrauw', 25, '2022-07-08 17:48:18', '2022-07-08 17:48:18');
INSERT INTO `city` VALUES (450, 'Tana Tidung', 16, '2022-07-08 17:48:18', '2022-07-08 17:48:18');
INSERT INTO `city` VALUES (451, 'Tana Toraja', 28, '2022-07-08 17:48:18', '2022-07-08 17:48:18');
INSERT INTO `city` VALUES (452, 'Tanah Bumbu', 13, '2022-07-08 17:48:18', '2022-07-08 17:48:18');
INSERT INTO `city` VALUES (453, 'Tanah Datar', 32, '2022-07-08 17:48:18', '2022-07-08 17:48:18');
INSERT INTO `city` VALUES (454, 'Tanah Laut', 13, '2022-07-08 17:48:18', '2022-07-08 17:48:18');
INSERT INTO `city` VALUES (455, 'Tangerang', 3, '2022-07-08 17:48:18', '2022-07-08 17:48:18');
INSERT INTO `city` VALUES (456, 'Tangerang', 3, '2022-07-08 17:48:18', '2022-07-08 17:48:18');
INSERT INTO `city` VALUES (457, 'Tangerang Selatan', 3, '2022-07-08 17:48:18', '2022-07-08 17:48:18');
INSERT INTO `city` VALUES (458, 'Tanggamus', 18, '2022-07-08 17:48:18', '2022-07-08 17:48:18');
INSERT INTO `city` VALUES (459, 'Tanjung Balai', 34, '2022-07-08 17:48:18', '2022-07-08 17:48:18');
INSERT INTO `city` VALUES (460, 'Tanjung Jabung Barat', 8, '2022-07-08 17:48:18', '2022-07-08 17:48:18');
INSERT INTO `city` VALUES (461, 'Tanjung Jabung Timur', 8, '2022-07-08 17:48:18', '2022-07-08 17:48:18');
INSERT INTO `city` VALUES (462, 'Tanjung Pinang', 17, '2022-07-08 17:48:18', '2022-07-08 17:48:18');
INSERT INTO `city` VALUES (463, 'Tapanuli Selatan', 34, '2022-07-08 17:48:18', '2022-07-08 17:48:18');
INSERT INTO `city` VALUES (464, 'Tapanuli Tengah', 34, '2022-07-08 17:48:18', '2022-07-08 17:48:18');
INSERT INTO `city` VALUES (465, 'Tapanuli Utara', 34, '2022-07-08 17:48:18', '2022-07-08 17:48:18');
INSERT INTO `city` VALUES (466, 'Tapin', 13, '2022-07-08 17:48:18', '2022-07-08 17:48:18');
INSERT INTO `city` VALUES (467, 'Tarakan', 16, '2022-07-08 17:48:18', '2022-07-08 17:48:18');
INSERT INTO `city` VALUES (468, 'Tasikmalaya', 9, '2022-07-08 17:48:18', '2022-07-08 17:48:18');
INSERT INTO `city` VALUES (469, 'Tasikmalaya', 9, '2022-07-08 17:48:18', '2022-07-08 17:48:18');
INSERT INTO `city` VALUES (470, 'Tebing Tinggi', 34, '2022-07-08 17:48:18', '2022-07-08 17:48:18');
INSERT INTO `city` VALUES (471, 'Tebo', 8, '2022-07-08 17:48:18', '2022-07-08 17:48:18');
INSERT INTO `city` VALUES (472, 'Tegal', 10, '2022-07-08 17:48:18', '2022-07-08 17:48:18');
INSERT INTO `city` VALUES (473, 'Tegal', 10, '2022-07-08 17:48:18', '2022-07-08 17:48:18');
INSERT INTO `city` VALUES (474, 'Teluk Bintuni', 25, '2022-07-08 17:48:18', '2022-07-08 17:48:18');
INSERT INTO `city` VALUES (475, 'Teluk Wondama', 25, '2022-07-08 17:48:18', '2022-07-08 17:48:18');
INSERT INTO `city` VALUES (476, 'Temanggung', 10, '2022-07-08 17:48:18', '2022-07-08 17:48:18');
INSERT INTO `city` VALUES (477, 'Ternate', 20, '2022-07-08 17:48:18', '2022-07-08 17:48:18');
INSERT INTO `city` VALUES (478, 'Tidore Kepulauan', 20, '2022-07-08 17:48:18', '2022-07-08 17:48:18');
INSERT INTO `city` VALUES (479, 'Timor Tengah Selatan', 23, '2022-07-08 17:48:18', '2022-07-08 17:48:18');
INSERT INTO `city` VALUES (480, 'Timor Tengah Utara', 23, '2022-07-08 17:48:18', '2022-07-08 17:48:18');
INSERT INTO `city` VALUES (481, 'Toba Samosir', 34, '2022-07-08 17:48:18', '2022-07-08 17:48:18');
INSERT INTO `city` VALUES (482, 'Tojo Una-Una', 29, '2022-07-08 17:48:18', '2022-07-08 17:48:18');
INSERT INTO `city` VALUES (483, 'Toli-Toli', 29, '2022-07-08 17:48:18', '2022-07-08 17:48:18');
INSERT INTO `city` VALUES (484, 'Tolikara', 24, '2022-07-08 17:48:18', '2022-07-08 17:48:18');
INSERT INTO `city` VALUES (485, 'Tomohon', 31, '2022-07-08 17:48:18', '2022-07-08 17:48:18');
INSERT INTO `city` VALUES (486, 'Toraja Utara', 28, '2022-07-08 17:48:18', '2022-07-08 17:48:18');
INSERT INTO `city` VALUES (487, 'Trenggalek', 11, '2022-07-08 17:48:18', '2022-07-08 17:48:18');
INSERT INTO `city` VALUES (488, 'Tual', 19, '2022-07-08 17:48:18', '2022-07-08 17:48:18');
INSERT INTO `city` VALUES (489, 'Tuban', 11, '2022-07-08 17:48:18', '2022-07-08 17:48:18');
INSERT INTO `city` VALUES (490, 'Tulang Bawang', 18, '2022-07-08 17:48:18', '2022-07-08 17:48:18');
INSERT INTO `city` VALUES (491, 'Tulang Bawang Barat', 18, '2022-07-08 17:48:18', '2022-07-08 17:48:18');
INSERT INTO `city` VALUES (492, 'Tulungagung', 11, '2022-07-08 17:48:18', '2022-07-08 17:48:18');
INSERT INTO `city` VALUES (493, 'Wajo', 28, '2022-07-08 17:48:18', '2022-07-08 17:48:18');
INSERT INTO `city` VALUES (494, 'Wakatobi', 30, '2022-07-08 17:48:18', '2022-07-08 17:48:18');
INSERT INTO `city` VALUES (495, 'Waropen', 24, '2022-07-08 17:48:18', '2022-07-08 17:48:18');
INSERT INTO `city` VALUES (496, 'Way Kanan', 18, '2022-07-08 17:48:18', '2022-07-08 17:48:18');
INSERT INTO `city` VALUES (497, 'Wonogiri', 10, '2022-07-08 17:48:18', '2022-07-08 17:48:18');
INSERT INTO `city` VALUES (498, 'Wonosobo', 10, '2022-07-08 17:48:18', '2022-07-08 17:48:18');
INSERT INTO `city` VALUES (499, 'Yahukimo', 24, '2022-07-08 17:48:18', '2022-07-08 17:48:18');
INSERT INTO `city` VALUES (500, 'Yalimo', 24, '2022-07-08 17:48:18', '2022-07-08 17:48:18');
INSERT INTO `city` VALUES (501, 'Yogyakarta', 5, '2022-07-08 17:48:18', '2022-07-08 17:48:18');

-- ----------------------------
-- Table structure for data_barang
-- ----------------------------
DROP TABLE IF EXISTS `data_barang`;
CREATE TABLE `data_barang`  (
  `id` bigint NOT NULL AUTO_INCREMENT,
  `kode_barang` varchar(10) CHARACTER SET latin1 COLLATE latin1_swedish_ci NULL DEFAULT NULL,
  `nama_barang` varchar(100) CHARACTER SET latin1 COLLATE latin1_swedish_ci NULL DEFAULT NULL,
  `pemasok_id` bigint NULL DEFAULT NULL,
  `kategori_id` bigint NULL DEFAULT NULL,
  `stok` int NULL DEFAULT NULL,
  `terjual` int NULL DEFAULT NULL,
  `harga_beli` int NULL DEFAULT NULL,
  `harga_jual` int NULL DEFAULT NULL,
  `keterangan` varchar(100) CHARACTER SET latin1 COLLATE latin1_swedish_ci NULL DEFAULT NULL,
  `gambar_barang` varchar(200) CHARACTER SET latin1 COLLATE latin1_swedish_ci NULL DEFAULT NULL,
  `created_at` datetime NULL DEFAULT NULL,
  `updated_at` datetime NULL DEFAULT NULL,
  PRIMARY KEY (`id`) USING BTREE,
  INDEX `kategori_id`(`kategori_id`) USING BTREE
) ENGINE = InnoDB AUTO_INCREMENT = 32 CHARACTER SET = latin1 COLLATE = latin1_swedish_ci ROW_FORMAT = Dynamic;

-- ----------------------------
-- Records of data_barang
-- ----------------------------
INSERT INTO `data_barang` VALUES (1, 'BP-0012', 'Minyak Goreng', 7, 1, 28, 115, 20000, 25000, 'Test', '1656850712_117.jpg', '2022-07-03 10:10:55', '2022-07-21 05:48:43');
INSERT INTO `data_barang` VALUES (2, 'BP-0024', 'Beras 30 Kg', 6, 1, 56, 46, 200000, 230000, 'sdasdad', '1656851607_078857800_1501055779-4370282_9a01a2a1-cf58-45c2-9080-17ce5207a37a.jpg', '2022-07-03 10:16:57', '2022-07-19 11:49:31');
INSERT INTO `data_barang` VALUES (7, 'MI-0018', 'Indomie Goreng', 7, 2, 98, 102, 3000, 3500, 'Bebas', '1656851837_0b951821-47f1-41cc-9329-9a53ac55b60e.jpg', '2022-07-03 12:37:18', '2022-07-21 05:38:00');
INSERT INTO `data_barang` VALUES (8, 'MI-0024', 'Super Bubur', 8, 2, 98, 30, 3000, 4000, 'Bebas', '1656851877_bubur-instan.webp', '2022-07-03 12:37:57', '2022-07-09 19:06:56');
INSERT INTO `data_barang` VALUES (9, 'MR-0011', 'Monde Snack', 9, 3, 100, 100, 10000, 12000, 'Bebas', '1656851966_ac4ac31dfb659aa143c2bb3f4d49fb68.jpg_720x720q80.jpg_.webp', '2022-07-03 12:39:26', '2022-07-06 10:23:29');
INSERT INTO `data_barang` VALUES (10, 'MR-0022', 'Nextar Choco', 5, 3, 96, 15, 5000, 7000, 'Bebas', '1656852004_Nextar-Choco-Brownies.jpg', '2022-07-03 12:40:04', '2022-07-08 21:06:09');
INSERT INTO `data_barang` VALUES (11, 'M-0012', 'Pulpy Orange', 6, 4, 89, 111, 5000, 6000, 'Bebas', '1656852083_f7efa42cf4a260e2c6dbc25478a2fb8b.jfif', '2022-07-03 12:41:24', '2022-07-11 17:26:46');
INSERT INTO `data_barang` VALUES (12, 'M-0029', 'Olatte', 7, 4, 57, 45, 6000, 7000, 'Bebas', '1656852115_20089805_1.jpg', '2022-07-03 12:41:56', '2022-07-15 13:54:52');
INSERT INTO `data_barang` VALUES (13, 'KR-0013', 'Soklin Lantai', 8, 5, 0, 200, 10000, 12000, 'Bebas', '1656852210_1631601937_61404511c88a8.png', '2022-07-03 12:43:30', '2022-07-07 19:34:40');
INSERT INTO `data_barang` VALUES (14, 'KR-0025', 'Mama Lemon 500ml', 9, 5, 73, 100, 7000, 8000, 'Bebas', '1656852250_b280661e5f4dae1539cb2d66418ce7a5.jpg', '2022-07-03 12:44:10', '2022-07-21 05:30:43');
INSERT INTO `data_barang` VALUES (15, 'PT-0123', 'Joyce Parfume', 5, 6, 100, 2, 25000, 30000, 'Bebas', '1656852335_download.jfif', '2022-07-03 12:45:35', '2022-07-06 20:51:54');
INSERT INTO `data_barang` VALUES (16, 'PT-0435', 'Noah Parfume', 6, 6, 58, 142, 40000, 45000, 'Bebas', '1656852375_1646808353.jpg', '2022-07-03 12:46:15', '2022-07-21 05:30:43');
INSERT INTO `data_barang` VALUES (17, 'PR-0875', 'Sampo Pantene Botol', 7, 7, 100, 0, 10000, 12000, 'Bebas', '1656852450_DMR_SH.png', '2022-07-03 12:47:32', '2022-07-04 05:32:55');
INSERT INTO `data_barang` VALUES (18, 'PR-0665', 'Sampo Lifebouy Botol', 8, 7, 100, 3, 10000, 15000, 'Bebas', '1656852498_1634391-8999999033149-01.png.rendition.380.380.webp', '2022-07-03 12:48:18', '2022-07-06 20:40:42');
INSERT INTO `data_barang` VALUES (25, 'BP-0554', 'Telur Ayam', 9, 1, 108, 12, 1500, 2000, 'Stok Tersedia', '1657161115_525060445_77b3fbc9-8296-4c5e-9cd1-180400149b5d_1000_1000.jpg', '2022-07-07 09:31:55', '2022-07-11 10:57:15');
INSERT INTO `data_barang` VALUES (26, 'M-0223', 'Air Mineral Prima', 5, 4, 50, 0, 3000, 3500, 'Stok Air Minuman', '1657161213_image.jpg', '2022-07-07 09:33:33', '2022-07-07 09:33:33');
INSERT INTO `data_barang` VALUES (27, 'M-0908', 'Air Mineral Ades', 6, 4, 50, 0, 3500, 4000, 'Air Mineral Baru', '1657161261_287696_1.webp', '2022-07-07 09:34:21', '2022-07-07 09:34:21');
INSERT INTO `data_barang` VALUES (28, 'M-0445', 'Air Mineral Vit', 7, 4, 50, 0, 3500, 4000, 'Minuman Baru', '1657161314_19196_1637207298.751.jpg', '2022-07-07 09:35:14', '2022-07-07 09:35:14');
INSERT INTO `data_barang` VALUES (29, 'M-0234', 'Aqua 600 ml', 8, 4, 48, 2, 4000, 4500, 'Air Mineral Aqua', '1657161374_apotek_online_k24klik_20211206100212359225_AQUA-AIR-MINERAL-1500ML.jpg', '2022-07-07 09:36:14', '2022-07-19 11:49:31');
INSERT INTO `data_barang` VALUES (30, 'M-1243', 'Le Mineral 600ml', 9, 4, 50, 0, 3500, 4000, 'Stok PT. Indo Farma', '1657161442_096191675b3682f21f75d01c8c3ed6ac.jfif', '2022-07-07 09:37:22', '2022-07-07 09:37:22');
INSERT INTO `data_barang` VALUES (31, 'PR-3041', 'Ganci', 5, 7, 23, 0, 180000, 200000, 'Ganci Genshin', '1657264127_hydro.jpg', '2022-07-08 14:08:48', '2022-07-08 14:08:48');

-- ----------------------------
-- Table structure for data_beli_sekarang
-- ----------------------------
DROP TABLE IF EXISTS `data_beli_sekarang`;
CREATE TABLE `data_beli_sekarang`  (
  `id` bigint NOT NULL AUTO_INCREMENT,
  `user_id` bigint NULL DEFAULT NULL,
  `barang_id` bigint NULL DEFAULT NULL,
  `nama_barang` varchar(100) CHARACTER SET latin1 COLLATE latin1_swedish_ci NULL DEFAULT NULL,
  `gambar_barang` varchar(100) CHARACTER SET latin1 COLLATE latin1_swedish_ci NULL DEFAULT NULL,
  `jumlah_barang` int NULL DEFAULT NULL,
  `jumlah_harga` int NULL DEFAULT NULL,
  `created_at` datetime NULL DEFAULT NULL,
  `updated_at` datetime NULL DEFAULT NULL,
  PRIMARY KEY (`id`) USING BTREE,
  INDEX `user_id`(`user_id`) USING BTREE,
  INDEX `barang_id`(`barang_id`) USING BTREE,
  CONSTRAINT `data_beli_sekarang_ibfk_1` FOREIGN KEY (`barang_id`) REFERENCES `data_barang` (`id`) ON DELETE RESTRICT ON UPDATE CASCADE
) ENGINE = InnoDB AUTO_INCREMENT = 128 CHARACTER SET = latin1 COLLATE = latin1_swedish_ci ROW_FORMAT = Dynamic;

-- ----------------------------
-- Records of data_beli_sekarang
-- ----------------------------

-- ----------------------------
-- Table structure for data_kategori
-- ----------------------------
DROP TABLE IF EXISTS `data_kategori`;
CREATE TABLE `data_kategori`  (
  `id` bigint NOT NULL AUTO_INCREMENT,
  `kode_kategori` varchar(5) CHARACTER SET latin1 COLLATE latin1_swedish_ci NULL DEFAULT NULL,
  `nama_kategori` varchar(100) CHARACTER SET latin1 COLLATE latin1_swedish_ci NULL DEFAULT NULL,
  `url_link` varchar(100) CHARACTER SET latin1 COLLATE latin1_swedish_ci NULL DEFAULT NULL,
  `created_at` datetime NULL DEFAULT NULL,
  `updated_at` datetime NULL DEFAULT NULL,
  PRIMARY KEY (`id`) USING BTREE
) ENGINE = InnoDB AUTO_INCREMENT = 13 CHARACTER SET = latin1 COLLATE = latin1_swedish_ci ROW_FORMAT = Dynamic;

-- ----------------------------
-- Records of data_kategori
-- ----------------------------
INSERT INTO `data_kategori` VALUES (1, 'BP', 'Bahan Pokok & Bumbu Dapur', 'bahan_pokok', '2022-06-29 13:16:51', '2022-07-03 12:07:32');
INSERT INTO `data_kategori` VALUES (2, 'MI', 'Makanan Instan', 'makanan_instan', '2022-06-29 13:20:04', '2022-07-03 12:07:55');
INSERT INTO `data_kategori` VALUES (3, 'MR', 'Makanan Ringan', 'makanan_ringan', '2022-07-03 12:08:02', '2022-07-03 12:08:02');
INSERT INTO `data_kategori` VALUES (4, 'M', 'Minuman', 'minuman', '2022-07-03 12:08:11', '2022-07-03 12:08:11');
INSERT INTO `data_kategori` VALUES (5, 'KR', 'Kebersihan Rumah', 'kebersihan_rumah', '2022-07-03 12:08:28', '2022-07-03 12:08:28');
INSERT INTO `data_kategori` VALUES (6, 'PT', 'Perawatan Tubuh', 'perawatan_tubuh', '2022-07-03 12:09:37', '2022-07-03 12:09:37');
INSERT INTO `data_kategori` VALUES (7, 'PR', 'Perawatan Rambut', 'perawatan_rambut', '2022-07-03 12:09:47', '2022-07-03 12:09:47');

-- ----------------------------
-- Table structure for data_keranjang
-- ----------------------------
DROP TABLE IF EXISTS `data_keranjang`;
CREATE TABLE `data_keranjang`  (
  `id` bigint NOT NULL AUTO_INCREMENT,
  `user_id` bigint NULL DEFAULT NULL,
  `barang_id` bigint NULL DEFAULT NULL,
  `nama_barang` varchar(100) CHARACTER SET latin1 COLLATE latin1_swedish_ci NULL DEFAULT NULL,
  `gambar_barang` varchar(100) CHARACTER SET latin1 COLLATE latin1_swedish_ci NULL DEFAULT NULL,
  `jumlah_barang` int NULL DEFAULT NULL,
  `jumlah_harga` int NULL DEFAULT NULL,
  `status_keranjang` int NULL DEFAULT NULL,
  `status_notif` int NULL DEFAULT NULL,
  `created_at` datetime NULL DEFAULT NULL,
  `updated_at` datetime NULL DEFAULT NULL,
  PRIMARY KEY (`id`) USING BTREE,
  INDEX `user_id`(`user_id`) USING BTREE,
  INDEX `barang_id`(`barang_id`) USING BTREE,
  CONSTRAINT `data_keranjang_ibfk_1` FOREIGN KEY (`barang_id`) REFERENCES `data_barang` (`id`) ON DELETE RESTRICT ON UPDATE CASCADE
) ENGINE = InnoDB AUTO_INCREMENT = 144 CHARACTER SET = latin1 COLLATE = latin1_swedish_ci ROW_FORMAT = Dynamic;

-- ----------------------------
-- Records of data_keranjang
-- ----------------------------
INSERT INTO `data_keranjang` VALUES (11, 2, 1, 'Minyak Goreng', '1656850712_117.jpg', 15, 375000, 0, 0, '2022-07-03 16:21:24', '2022-07-08 01:30:48');
INSERT INTO `data_keranjang` VALUES (20, 2, 17, 'Sampo Pantene Botol', '1656852450_DMR_SH.png', 5, 60000, 0, 0, '2022-07-04 05:32:55', '2022-07-08 01:30:48');
INSERT INTO `data_keranjang` VALUES (21, 2, 16, 'Noah Parfume', '1656852375_1646808353.jpg', 20, 900000, 0, 0, '2022-07-04 06:22:45', '2022-07-08 01:30:48');
INSERT INTO `data_keranjang` VALUES (23, 2, 17, 'Sampo Pantene Botol', '1656852450_DMR_SH.png', 1, 12000, 0, 0, '2022-07-04 11:03:02', '2022-07-08 01:30:48');
INSERT INTO `data_keranjang` VALUES (25, 2, 16, 'Noah Parfume', '1656852375_1646808353.jpg', 2, 90000, 0, 0, '2022-07-04 12:01:40', '2022-07-08 01:30:48');
INSERT INTO `data_keranjang` VALUES (26, 2, 18, 'Sampo Lifebouy Botol', '1656852498_1634391-8999999033149-01.png.rendition.380.380.webp', 2, 30000, 0, 0, '2022-07-04 12:21:19', '2022-07-08 01:30:48');
INSERT INTO `data_keranjang` VALUES (27, 2, 16, 'Noah Parfume', '1656852375_1646808353.jpg', 3, 135000, 0, 0, '2022-07-04 12:21:32', '2022-07-08 01:30:48');
INSERT INTO `data_keranjang` VALUES (40, 2, 13, 'Soklin Lantai', '1656852210_1631601937_61404511c88a8.png', 1, 12000, 0, 0, '2022-07-05 13:07:41', '2022-07-08 01:30:48');
INSERT INTO `data_keranjang` VALUES (44, 2, 14, 'Mama Lemon 500ml', '1656852250_b280661e5f4dae1539cb2d66418ce7a5.jpg', 5, 40000, 0, 0, '2022-07-06 05:13:37', '2022-07-08 01:30:48');
INSERT INTO `data_keranjang` VALUES (45, 2, 16, 'Noah Parfume', '1656852375_1646808353.jpg', 5, 225000, 0, 0, '2022-07-06 05:14:03', '2022-07-08 01:30:48');
INSERT INTO `data_keranjang` VALUES (46, 2, 1, 'Minyak Goreng', '1656850712_117.jpg', 15, 375000, 0, 0, '2022-07-06 10:19:44', '2022-07-08 01:30:48');
INSERT INTO `data_keranjang` VALUES (47, 2, 9, 'Monde Snack', '1656851966_ac4ac31dfb659aa143c2bb3f4d49fb68.jpg_720x720q80.jpg_.webp', 45, 540000, 0, 0, '2022-07-06 10:20:00', '2022-07-08 01:30:48');
INSERT INTO `data_keranjang` VALUES (48, 2, 9, 'Monde Snack', '1656851966_ac4ac31dfb659aa143c2bb3f4d49fb68.jpg_720x720q80.jpg_.webp', 55, 660000, 0, 0, '2022-07-06 10:22:29', '2022-07-08 01:30:48');
INSERT INTO `data_keranjang` VALUES (49, 2, 16, 'Noah Parfume', '1656852375_1646808353.jpg', 50, 2250000, 0, 0, '2022-07-06 10:22:44', '2022-07-08 01:30:48');
INSERT INTO `data_keranjang` VALUES (50, 2, 13, 'Soklin Lantai', '1656852210_1631601937_61404511c88a8.png', 90, 1080000, 0, 0, '2022-07-06 10:22:58', '2022-07-08 01:30:48');
INSERT INTO `data_keranjang` VALUES (51, 2, 7, 'Indomie Goreng', '1656851837_0b951821-47f1-41cc-9329-9a53ac55b60e.jpg', 100, 350000, 0, 0, '2022-07-06 10:25:01', '2022-07-08 01:30:48');
INSERT INTO `data_keranjang` VALUES (52, 2, 1, 'Minyak Goreng', '1656850712_117.jpg', 85, 2125000, 0, 0, '2022-07-06 10:25:15', '2022-07-08 01:30:48');
INSERT INTO `data_keranjang` VALUES (53, 2, 11, 'Pulpy Orange', '1656852083_f7efa42cf4a260e2c6dbc25478a2fb8b.jfif', 100, 600000, 0, 0, '2022-07-06 10:25:27', '2022-07-08 01:30:48');
INSERT INTO `data_keranjang` VALUES (54, 2, 14, 'Mama Lemon 500ml', '1656852250_b280661e5f4dae1539cb2d66418ce7a5.jpg', 23, 184000, 0, 0, '2022-07-06 19:41:08', '2022-07-08 01:30:48');
INSERT INTO `data_keranjang` VALUES (55, 2, 18, 'Sampo Lifebouy Botol', '1656852498_1634391-8999999033149-01.png.rendition.380.380.webp', 3, 45000, 0, 0, '2022-07-06 20:40:12', '2022-07-08 01:30:48');
INSERT INTO `data_keranjang` VALUES (56, 2, 8, 'Super Bubur', '1656851877_bubur-instan.webp', 23, 92000, 0, 0, '2022-07-06 20:40:23', '2022-07-08 01:30:49');
INSERT INTO `data_keranjang` VALUES (57, 2, 10, 'Nextar Choco', '1656852004_Nextar-Choco-Brownies.jpg', 2, 14000, 0, 0, '2022-07-06 20:45:09', '2022-07-08 01:30:49');
INSERT INTO `data_keranjang` VALUES (58, 2, 12, 'Olatte', '1656852115_20089805_1.jpg', 2, 14000, 0, 0, '2022-07-06 20:45:23', '2022-07-08 01:30:49');
INSERT INTO `data_keranjang` VALUES (59, 2, 15, 'Joyce Parfume', '1656852335_download.jfif', 2, 60000, 0, 0, '2022-07-06 20:47:16', '2022-07-08 01:30:49');
INSERT INTO `data_keranjang` VALUES (60, 2, 10, 'Nextar Choco', '1656852004_Nextar-Choco-Brownies.jpg', 4, 28000, 0, 0, '2022-07-06 20:47:25', '2022-07-08 01:30:49');
INSERT INTO `data_keranjang` VALUES (61, 2, 8, 'Super Bubur', '1656851877_bubur-instan.webp', 5, 20000, 0, 0, '2022-07-06 21:04:08', '2022-07-08 01:30:49');
INSERT INTO `data_keranjang` VALUES (62, 2, 10, 'Nextar Choco', '1656852004_Nextar-Choco-Brownies.jpg', 5, 35000, 0, 0, '2022-07-06 21:04:17', '2022-07-08 01:30:49');
INSERT INTO `data_keranjang` VALUES (63, 2, 2, 'Beras 30 Kg', '1656851607_078857800_1501055779-4370282_9a01a2a1-cf58-45c2-9080-17ce5207a37a.jpg', 2, 460000, 0, 0, '2022-07-06 21:26:42', '2022-07-08 01:30:49');
INSERT INTO `data_keranjang` VALUES (64, 2, 13, 'Soklin Lantai', '1656852210_1631601937_61404511c88a8.png', 2, 24000, 0, 0, '2022-07-07 06:51:44', '2022-07-08 01:30:49');
INSERT INTO `data_keranjang` VALUES (65, 2, 14, 'Mama Lemon 500ml', '1656852250_b280661e5f4dae1539cb2d66418ce7a5.jpg', 2, 16000, 0, 0, '2022-07-07 06:51:52', '2022-07-08 01:30:49');
INSERT INTO `data_keranjang` VALUES (66, 2, 12, 'Olatte', '1656852115_20089805_1.jpg', 2, 14000, 0, 0, '2022-07-07 06:55:46', '2022-07-08 01:30:49');
INSERT INTO `data_keranjang` VALUES (67, 2, 2, 'Beras 30 Kg', '1656851607_078857800_1501055779-4370282_9a01a2a1-cf58-45c2-9080-17ce5207a37a.jpg', 2, 460000, 0, 0, '2022-07-07 06:55:54', '2022-07-08 01:30:49');
INSERT INTO `data_keranjang` VALUES (68, 2, 1, 'Minyak Goreng', '1656850712_117.jpg', 2, 50000, 0, 0, '2022-07-07 07:00:03', '2022-07-08 01:30:49');
INSERT INTO `data_keranjang` VALUES (69, 2, 2, 'Beras 30 Kg', '1656851607_078857800_1501055779-4370282_9a01a2a1-cf58-45c2-9080-17ce5207a37a.jpg', 3, 690000, 0, 0, '2022-07-07 07:00:12', '2022-07-08 01:30:49');
INSERT INTO `data_keranjang` VALUES (70, 2, 12, 'Olatte', '1656852115_20089805_1.jpg', 4, 28000, 0, 0, '2022-07-07 18:06:39', '2022-07-08 01:30:49');
INSERT INTO `data_keranjang` VALUES (71, 2, 1, 'Minyak Goreng', '1656850712_117.jpg', 2, 50000, 0, 0, '2022-07-07 18:44:53', '2022-07-08 01:30:49');
INSERT INTO `data_keranjang` VALUES (72, 2, 2, 'Beras 30 Kg', '1656851607_078857800_1501055779-4370282_9a01a2a1-cf58-45c2-9080-17ce5207a37a.jpg', 2, 460000, 0, 0, '2022-07-07 18:45:15', '2022-07-08 01:30:49');
INSERT INTO `data_keranjang` VALUES (73, 2, 2, 'Beras 30 Kg', '1656851607_078857800_1501055779-4370282_9a01a2a1-cf58-45c2-9080-17ce5207a37a.jpg', 3, 690000, 0, 0, '2022-07-07 18:52:29', '2022-07-08 01:30:49');
INSERT INTO `data_keranjang` VALUES (74, 2, 12, 'Olatte', '1656852115_20089805_1.jpg', 5, 35000, 0, 0, '2022-07-07 18:52:37', '2022-07-08 01:30:49');
INSERT INTO `data_keranjang` VALUES (75, 2, 14, 'Mama Lemon 500ml', '1656852250_b280661e5f4dae1539cb2d66418ce7a5.jpg', 4, 32000, 0, 0, '2022-07-07 18:53:53', '2022-07-08 01:30:49');
INSERT INTO `data_keranjang` VALUES (76, 2, 16, 'Noah Parfume', '1656852375_1646808353.jpg', 3, 135000, 0, 0, '2022-07-07 18:54:01', '2022-07-08 01:30:49');
INSERT INTO `data_keranjang` VALUES (77, 2, 2, 'Beras 30 Kg', '1656851607_078857800_1501055779-4370282_9a01a2a1-cf58-45c2-9080-17ce5207a37a.jpg', 2, 460000, 0, 0, '2022-07-07 19:00:04', '2022-07-08 01:30:49');
INSERT INTO `data_keranjang` VALUES (78, 2, 12, 'Olatte', '1656852115_20089805_1.jpg', 5, 35000, 0, 0, '2022-07-07 19:00:21', '2022-07-08 01:30:49');
INSERT INTO `data_keranjang` VALUES (79, 2, 14, 'Mama Lemon 500ml', '1656852250_b280661e5f4dae1539cb2d66418ce7a5.jpg', 5, 40000, 0, 0, '2022-07-07 19:00:31', '2022-07-08 01:30:49');
INSERT INTO `data_keranjang` VALUES (80, 2, 16, 'Noah Parfume', '1656852375_1646808353.jpg', 3, 135000, 0, 0, '2022-07-07 19:06:02', '2022-07-08 01:30:49');
INSERT INTO `data_keranjang` VALUES (81, 2, 2, 'Beras 30 Kg', '1656851607_078857800_1501055779-4370282_9a01a2a1-cf58-45c2-9080-17ce5207a37a.jpg', 3, 690000, 0, 0, '2022-07-07 19:06:16', '2022-07-08 01:30:49');
INSERT INTO `data_keranjang` VALUES (82, 2, 2, 'Beras 30 Kg', '1656851607_078857800_1501055779-4370282_9a01a2a1-cf58-45c2-9080-17ce5207a37a.jpg', 2, 460000, 0, 0, '2022-07-07 19:10:48', '2022-07-08 01:30:49');
INSERT INTO `data_keranjang` VALUES (83, 2, 12, 'Olatte', '1656852115_20089805_1.jpg', 5, 35000, 0, 0, '2022-07-07 19:11:02', '2022-07-08 01:30:49');
INSERT INTO `data_keranjang` VALUES (84, 2, 1, 'Minyak Goreng', '1656850712_117.jpg', 5, 125000, 0, 0, '2022-07-07 19:12:44', '2022-07-08 01:30:49');
INSERT INTO `data_keranjang` VALUES (85, 2, 12, 'Olatte', '1656852115_20089805_1.jpg', 5, 35000, 0, 0, '2022-07-07 19:12:52', '2022-07-08 01:30:49');
INSERT INTO `data_keranjang` VALUES (86, 2, 13, 'Soklin Lantai', '1656852210_1631601937_61404511c88a8.png', 2, 24000, 0, 0, '2022-07-07 19:20:52', '2022-07-08 01:30:49');
INSERT INTO `data_keranjang` VALUES (87, 2, 13, 'Soklin Lantai', '1656852210_1631601937_61404511c88a8.png', 2, 24000, 0, 0, '2022-07-07 19:21:22', '2022-07-08 01:30:49');
INSERT INTO `data_keranjang` VALUES (88, 2, 13, 'Soklin Lantai', '1656852210_1631601937_61404511c88a8.png', 3, 36000, 0, 0, '2022-07-07 19:21:28', '2022-07-08 01:30:49');
INSERT INTO `data_keranjang` VALUES (89, 2, 13, 'Soklin Lantai', '1656852210_1631601937_61404511c88a8.png', 4, 48000, 0, 0, '2022-07-07 19:22:15', '2022-07-08 01:30:49');
INSERT INTO `data_keranjang` VALUES (90, 2, 2, 'Beras 30 Kg', '1656851607_078857800_1501055779-4370282_9a01a2a1-cf58-45c2-9080-17ce5207a37a.jpg', 4, 920000, 0, 0, '2022-07-07 19:22:48', '2022-07-08 01:30:49');
INSERT INTO `data_keranjang` VALUES (91, 2, 25, 'Telur Ayam', '1657161115_525060445_77b3fbc9-8296-4c5e-9cd1-180400149b5d_1000_1000.jpg', 4, 8000, 0, 0, '2022-07-07 19:23:01', '2022-07-08 01:30:49');
INSERT INTO `data_keranjang` VALUES (92, 2, 13, 'Soklin Lantai', '1656852210_1631601937_61404511c88a8.png', 67, 804000, 0, 0, '2022-07-07 19:33:33', '2022-07-08 01:30:49');
INSERT INTO `data_keranjang` VALUES (93, 2, 13, 'Soklin Lantai', '1656852210_1631601937_61404511c88a8.png', 20, 240000, 0, 0, '2022-07-07 19:34:20', '2022-07-08 01:30:49');
INSERT INTO `data_keranjang` VALUES (94, 2, 1, 'Minyak Goreng', '1656850712_117.jpg', 2, 50000, 0, 0, '2022-07-07 22:15:04', '2022-07-08 01:30:49');
INSERT INTO `data_keranjang` VALUES (105, 2, 12, 'Olatte', '1656852115_20089805_1.jpg', 1, 7000, 0, 0, '2022-07-08 01:45:34', '2022-07-08 21:06:09');
INSERT INTO `data_keranjang` VALUES (106, 2, 10, 'Nextar Choco', '1656852004_Nextar-Choco-Brownies.jpg', 4, 28000, 0, 0, '2022-07-08 01:45:47', '2022-07-08 21:06:09');
INSERT INTO `data_keranjang` VALUES (107, 2, 16, 'Noah Parfume', '1656852375_1646808353.jpg', 2, 90000, 0, 0, '2022-07-08 16:54:07', '2022-07-08 21:06:09');
INSERT INTO `data_keranjang` VALUES (108, 2, 25, 'Telur Ayam', '1657161115_525060445_77b3fbc9-8296-4c5e-9cd1-180400149b5d_1000_1000.jpg', 4, 8000, 0, 0, '2022-07-08 20:14:06', '2022-07-08 21:06:09');
INSERT INTO `data_keranjang` VALUES (109, 2, 2, 'Beras 30 Kg', '1656851607_078857800_1501055779-4370282_9a01a2a1-cf58-45c2-9080-17ce5207a37a.jpg', 2, 460000, 0, 0, '2022-07-08 21:06:36', '2022-07-08 21:07:12');
INSERT INTO `data_keranjang` VALUES (110, 2, 2, 'Beras 30 Kg', '1656851607_078857800_1501055779-4370282_9a01a2a1-cf58-45c2-9080-17ce5207a37a.jpg', 2, 460000, 0, 0, '2022-07-08 21:06:41', '2022-07-08 21:07:13');
INSERT INTO `data_keranjang` VALUES (111, 2, 14, 'Mama Lemon 500ml', '1656852250_b280661e5f4dae1539cb2d66418ce7a5.jpg', 7, 56000, 0, 0, '2022-07-08 21:20:34', '2022-07-08 21:21:34');
INSERT INTO `data_keranjang` VALUES (112, 2, 12, 'Olatte', '1656852115_20089805_1.jpg', 8, 56000, 0, 0, '2022-07-08 21:20:43', '2022-07-08 21:21:34');
INSERT INTO `data_keranjang` VALUES (113, 2, 11, 'Pulpy Orange', '1656852083_f7efa42cf4a260e2c6dbc25478a2fb8b.jfif', 4, 24000, 0, 0, '2022-07-09 09:36:24', '2022-07-09 09:40:51');
INSERT INTO `data_keranjang` VALUES (114, 2, 12, 'Olatte', '1656852115_20089805_1.jpg', 3, 21000, 0, 0, '2022-07-09 09:36:55', '2022-07-09 09:40:51');
INSERT INTO `data_keranjang` VALUES (115, 2, 12, 'Olatte', '1656852115_20089805_1.jpg', 2, 14000, 0, 0, '2022-07-09 09:38:16', '2022-07-09 09:40:51');
INSERT INTO `data_keranjang` VALUES (116, 2, 14, 'Mama Lemon 500ml', '1656852250_b280661e5f4dae1539cb2d66418ce7a5.jpg', 3, 24000, 0, 0, '2022-07-09 10:13:07', '2022-07-09 10:15:46');
INSERT INTO `data_keranjang` VALUES (117, 2, 2, 'Beras 30 Kg', '1656851607_078857800_1501055779-4370282_9a01a2a1-cf58-45c2-9080-17ce5207a37a.jpg', 3, 690000, 0, 0, '2022-07-09 10:13:35', '2022-07-09 10:15:46');
INSERT INTO `data_keranjang` VALUES (118, 2, 11, 'Pulpy Orange', '1656852083_f7efa42cf4a260e2c6dbc25478a2fb8b.jfif', 4, 24000, 0, 0, '2022-07-09 10:14:55', '2022-07-09 10:15:46');
INSERT INTO `data_keranjang` VALUES (119, 2, 8, 'Super Bubur', '1656851877_bubur-instan.webp', 2, 8000, 0, 0, '2022-07-09 19:02:11', '2022-07-09 19:06:56');
INSERT INTO `data_keranjang` VALUES (120, 2, 25, 'Telur Ayam', '1657161115_525060445_77b3fbc9-8296-4c5e-9cd1-180400149b5d_1000_1000.jpg', 2, 4000, 0, 0, '2022-07-09 19:02:24', '2022-07-09 19:06:56');
INSERT INTO `data_keranjang` VALUES (121, 2, 16, 'Noah Parfume', '1656852375_1646808353.jpg', 3, 135000, 0, 0, '2022-07-10 09:13:43', '2022-07-10 18:24:14');
INSERT INTO `data_keranjang` VALUES (123, 6, 14, 'Mama Lemon 500ml', '1656852250_b280661e5f4dae1539cb2d66418ce7a5.jpg', 2, 16000, 0, 0, '2022-07-11 10:55:15', '2022-07-11 10:57:15');
INSERT INTO `data_keranjang` VALUES (124, 6, 25, 'Telur Ayam', '1657161115_525060445_77b3fbc9-8296-4c5e-9cd1-180400149b5d_1000_1000.jpg', 2, 4000, 0, 0, '2022-07-11 10:55:24', '2022-07-11 10:57:15');
INSERT INTO `data_keranjang` VALUES (128, 2, 16, 'Noah Parfume', '1656852375_1646808353.jpg', 23, 1035000, 0, 0, '2022-07-11 15:38:36', '2022-07-11 17:26:46');
INSERT INTO `data_keranjang` VALUES (129, 2, 11, 'Pulpy Orange', '1656852083_f7efa42cf4a260e2c6dbc25478a2fb8b.jfif', 3, 18000, 0, 0, '2022-07-11 16:26:03', '2022-07-11 17:26:46');
INSERT INTO `data_keranjang` VALUES (132, 9, 2, 'Beras 30 Kg', '1656851607_078857800_1501055779-4370282_9a01a2a1-cf58-45c2-9080-17ce5207a37a.jpg', 9, 2070000, 1, 0, '2022-07-11 18:25:27', '2022-07-11 18:45:20');
INSERT INTO `data_keranjang` VALUES (133, 2, 12, 'Olatte', '1656852115_20089805_1.jpg', 3, 21000, 0, 0, '2022-07-15 13:54:23', '2022-07-15 13:54:52');
INSERT INTO `data_keranjang` VALUES (134, 2, 2, 'Beras 30 Kg', '1656851607_078857800_1501055779-4370282_9a01a2a1-cf58-45c2-9080-17ce5207a37a.jpg', 2, 460000, 0, 0, '2022-07-19 11:47:53', '2022-07-19 11:49:31');
INSERT INTO `data_keranjang` VALUES (135, 2, 29, 'Aqua 600 ml', '1657161374_apotek_online_k24klik_20211206100212359225_AQUA-AIR-MINERAL-1500ML.jpg', 2, 9000, 0, 0, '2022-07-19 11:48:01', '2022-07-19 11:49:31');
INSERT INTO `data_keranjang` VALUES (136, 2, 14, 'Mama Lemon 500ml', '1656852250_b280661e5f4dae1539cb2d66418ce7a5.jpg', 2, 16000, 0, 0, '2022-07-19 11:48:09', '2022-07-19 11:49:31');
INSERT INTO `data_keranjang` VALUES (137, 10, 16, 'Noah Parfume', '1656852375_1646808353.jpg', 2, 90000, 0, 0, '2022-07-21 05:30:00', '2022-07-21 05:30:43');
INSERT INTO `data_keranjang` VALUES (138, 10, 14, 'Mama Lemon 500ml', '1656852250_b280661e5f4dae1539cb2d66418ce7a5.jpg', 2, 16000, 0, 0, '2022-07-21 05:30:11', '2022-07-21 05:30:43');
INSERT INTO `data_keranjang` VALUES (139, 10, 7, 'Indomie Goreng', '1656851837_0b951821-47f1-41cc-9329-9a53ac55b60e.jpg', 2, 7000, 0, 0, '2022-07-21 05:37:20', '2022-07-21 05:38:00');
INSERT INTO `data_keranjang` VALUES (140, 10, 1, 'Minyak Goreng', '1656850712_117.jpg', 2, 50000, 0, 0, '2022-07-21 05:37:26', '2022-07-21 05:38:00');
INSERT INTO `data_keranjang` VALUES (141, 19, 1, 'Minyak Goreng', '1656850712_117.jpg', 2, 50000, 1, 0, '2022-07-21 06:35:20', '2022-07-21 06:40:05');
INSERT INTO `data_keranjang` VALUES (142, 2, 2, 'Beras 30 Kg', '1656851607_078857800_1501055779-4370282_9a01a2a1-cf58-45c2-9080-17ce5207a37a.jpg', 2, 460000, 1, 0, '2022-08-28 13:30:28', '2022-08-28 13:30:40');
INSERT INTO `data_keranjang` VALUES (143, 2, 12, 'Olatte', '1656852115_20089805_1.jpg', 2, 14000, 1, 0, '2022-08-28 13:30:37', '2022-08-28 13:30:40');

-- ----------------------------
-- Table structure for data_payment
-- ----------------------------
DROP TABLE IF EXISTS `data_payment`;
CREATE TABLE `data_payment`  (
  `id` bigint NOT NULL AUTO_INCREMENT,
  `nama_payment` varchar(100) CHARACTER SET latin1 COLLATE latin1_swedish_ci NULL DEFAULT NULL,
  `no_payment` varchar(100) CHARACTER SET latin1 COLLATE latin1_swedish_ci NULL DEFAULT NULL,
  `created_at` datetime NULL DEFAULT NULL,
  `updated_at` datetime NULL DEFAULT NULL,
  PRIMARY KEY (`id`) USING BTREE
) ENGINE = InnoDB AUTO_INCREMENT = 3 CHARACTER SET = latin1 COLLATE = latin1_swedish_ci ROW_FORMAT = Dynamic;

-- ----------------------------
-- Records of data_payment
-- ----------------------------
INSERT INTO `data_payment` VALUES (1, 'BCA', '4645623546235', '2022-07-11 11:54:15', '2022-07-11 11:59:32');

-- ----------------------------
-- Table structure for data_pemasok
-- ----------------------------
DROP TABLE IF EXISTS `data_pemasok`;
CREATE TABLE `data_pemasok`  (
  `id` bigint NOT NULL AUTO_INCREMENT,
  `nama_pemasok` varchar(100) CHARACTER SET latin1 COLLATE latin1_swedish_ci NULL DEFAULT NULL,
  `alamat` varchar(100) CHARACTER SET latin1 COLLATE latin1_swedish_ci NULL DEFAULT NULL,
  `no_telp` varchar(17) CHARACTER SET latin1 COLLATE latin1_swedish_ci NULL DEFAULT NULL,
  `created_at` datetime NULL DEFAULT NULL,
  `updated_at` datetime NULL DEFAULT NULL,
  PRIMARY KEY (`id`) USING BTREE
) ENGINE = InnoDB AUTO_INCREMENT = 11 CHARACTER SET = latin1 COLLATE = latin1_swedish_ci ROW_FORMAT = Dynamic;

-- ----------------------------
-- Records of data_pemasok
-- ----------------------------
INSERT INTO `data_pemasok` VALUES (5, 'PT. Sinar Surya 2', 'Jl. Pondok Indah Lestari', '089633771396', '2022-07-03 08:41:17', '2022-07-03 08:41:41');
INSERT INTO `data_pemasok` VALUES (6, 'Kimia Farma Kota Baru', 'Jl. Parit Mayor', '089633771396', '2022-07-08 08:48:31', '2022-07-08 08:48:31');
INSERT INTO `data_pemasok` VALUES (7, 'PT. Sinar Kencana Jaya 2ss', 'asdasd', '089632771396', '2022-07-08 21:42:39', '2022-07-08 21:42:39');
INSERT INTO `data_pemasok` VALUES (8, 'PT. Sinar Kencana Jaya', 'sda', '089633771396', '2022-07-08 21:43:01', '2022-07-08 21:43:01');
INSERT INTO `data_pemasok` VALUES (9, 'PT. Sinar Kencana Jaya 23dd', 'dsdsadas', '089632771396', '2022-07-08 21:43:13', '2022-07-08 21:43:13');
INSERT INTO `data_pemasok` VALUES (10, 'Kimia Farma Kota Baru', 'frdfrfef', '089633771396', '2022-07-19 11:27:58', '2022-07-19 11:27:58');

-- ----------------------------
-- Table structure for data_pembelian
-- ----------------------------
DROP TABLE IF EXISTS `data_pembelian`;
CREATE TABLE `data_pembelian`  (
  `id` bigint NOT NULL AUTO_INCREMENT,
  `barang_id` bigint NULL DEFAULT NULL,
  `kode_barang` varchar(100) CHARACTER SET latin1 COLLATE latin1_swedish_ci NULL DEFAULT NULL,
  `nama_barang` varchar(100) CHARACTER SET latin1 COLLATE latin1_swedish_ci NULL DEFAULT NULL,
  `pemasok_id` bigint NULL DEFAULT NULL,
  `jumlah_pembelian` int NULL DEFAULT NULL,
  `created_at` datetime NULL DEFAULT NULL,
  `updated_at` datetime NULL DEFAULT NULL,
  PRIMARY KEY (`id`) USING BTREE
) ENGINE = InnoDB AUTO_INCREMENT = 15 CHARACTER SET = latin1 COLLATE = latin1_swedish_ci ROW_FORMAT = Dynamic;

-- ----------------------------
-- Records of data_pembelian
-- ----------------------------
INSERT INTO `data_pembelian` VALUES (9, 1, NULL, NULL, 6, 5, '2022-07-14 13:21:25', '2022-07-14 13:21:25');
INSERT INTO `data_pembelian` VALUES (10, 1, NULL, NULL, 6, 5, '2022-07-14 13:26:38', '2022-07-14 13:26:38');
INSERT INTO `data_pembelian` VALUES (11, 1, NULL, NULL, 5, 5, '2022-07-14 13:27:58', '2022-07-14 13:27:58');
INSERT INTO `data_pembelian` VALUES (12, 1, NULL, NULL, 5, 5, '2022-07-14 13:28:07', '2022-07-14 13:28:07');
INSERT INTO `data_pembelian` VALUES (13, 1, NULL, NULL, 8, 12, '2022-07-14 13:29:13', '2022-07-14 13:29:13');
INSERT INTO `data_pembelian` VALUES (14, 1, NULL, NULL, 7, 20, '2022-07-14 13:32:28', '2022-07-14 13:32:28');

-- ----------------------------
-- Table structure for data_pesanan
-- ----------------------------
DROP TABLE IF EXISTS `data_pesanan`;
CREATE TABLE `data_pesanan`  (
  `id` bigint NOT NULL AUTO_INCREMENT,
  `user_id` bigint NULL DEFAULT NULL,
  `kode_pesanan` varchar(20) CHARACTER SET latin1 COLLATE latin1_swedish_ci NULL DEFAULT NULL,
  `loc_pengirim` varchar(100) CHARACTER SET latin1 COLLATE latin1_swedish_ci NULL DEFAULT NULL,
  `loc_penerima` varchar(100) CHARACTER SET latin1 COLLATE latin1_swedish_ci NULL DEFAULT NULL,
  `layanan` varchar(100) CHARACTER SET latin1 COLLATE latin1_swedish_ci NULL DEFAULT NULL,
  `jenis_pengiriman` varchar(10) CHARACTER SET latin1 COLLATE latin1_swedish_ci NULL DEFAULT NULL,
  `status_pesanan` int NULL DEFAULT NULL,
  `status_pembayaran` int NULL DEFAULT NULL,
  `jenis_pembayaran_id` int NULL DEFAULT NULL,
  `jumlah_harga` int NULL DEFAULT NULL,
  `jumlah_ongkir` int NULL DEFAULT NULL,
  `jumlah_total` int NULL DEFAULT NULL,
  `bukti_pembayaran` varchar(100) CHARACTER SET latin1 COLLATE latin1_swedish_ci NULL DEFAULT NULL,
  `keterangan` varchar(100) CHARACTER SET latin1 COLLATE latin1_swedish_ci NULL DEFAULT NULL,
  `created_at` datetime NULL DEFAULT NULL,
  `updated_at` datetime NULL DEFAULT NULL,
  PRIMARY KEY (`id`) USING BTREE
) ENGINE = InnoDB AUTO_INCREMENT = 81 CHARACTER SET = latin1 COLLATE = latin1_swedish_ci ROW_FORMAT = Dynamic;

-- ----------------------------
-- Records of data_pesanan
-- ----------------------------
INSERT INTO `data_pesanan` VALUES (63, 2, 'KDP-141925', 'Aceh Jaya', 'Banjarmasin', 'Reguler', 'jne', 0, 1, NULL, 133000, 64000, 197000, NULL, 'dfsdfds', '2022-07-08 21:06:09', '2022-07-11 18:00:54');
INSERT INTO `data_pesanan` VALUES (64, 2, 'KDP-852006', 'Barito Kuala', 'Bogor', 'Reguler', 'jne', 0, 1, NULL, 920000, 36000, 956000, NULL, 'eqwewqe', '2022-07-08 21:07:12', '2022-07-11 18:00:50');
INSERT INTO `data_pesanan` VALUES (65, 2, 'KDP-299812', 'Banjar', 'Bekasi', 'Reguler', 'jne', 0, 1, NULL, 112000, 30000, 142000, '1657290143_bukti-pembayaran-STAIM0002.jpg', 'gghghj', '2022-07-08 21:21:34', '2022-07-08 21:23:03');
INSERT INTO `data_pesanan` VALUES (66, 2, 'KDP-297392', 'Aceh Jaya', 'Bangkalan', 'Reguler', 'jne', 0, 1, NULL, 59000, 59000, 118000, '1657334517_bukti-pembayaran-STAIM0002.jpg', 'tettete', '2022-07-09 09:40:51', '2022-07-09 10:03:10');
INSERT INTO `data_pesanan` VALUES (67, 2, 'KDP-118332', 'Jakarta Pusat', 'Pontianak', 'Reguler', 'jne', 0, 1, NULL, 738000, 50000, 788000, '1657336577_bukti-pembayaran-STAIM0002.jpg', 'Oleh-Oleh', '2022-07-09 10:15:45', '2022-07-09 10:16:45');
INSERT INTO `data_pesanan` VALUES (68, 2, 'KDP-898731', 'Aceh Barat Daya', 'Banyumas', 'Reguler', 'jne', 0, 1, NULL, 12000, 52000, 64000, NULL, 'sdasdas', '2022-07-09 19:06:56', '2022-07-11 18:00:45');
INSERT INTO `data_pesanan` VALUES (69, 2, 'KDP-156078', 'Aceh Selatan', 'Bandar Lampung', 'Reguler', 'jne', 1, 1, 1, 135000, 60000, 195000, '1657516620_bukti-pembayaran-STAIM0002.jpg', 'ggfb', '2022-07-10 18:24:14', '2022-07-11 18:00:40');
INSERT INTO `data_pesanan` VALUES (70, 6, 'KDP-949744', 'Jakarta Pusat', 'Pontianak', 'Reguler', 'jne', 0, 1, NULL, 20000, 50000, 70000, '1657511874_bukti-pembayaran-STAIM0002.jpg', 'Oleh-Oleh', '2022-07-11 10:57:15', '2022-07-11 10:59:30');
INSERT INTO `data_pesanan` VALUES (71, 2, 'KDP-843629', 'Berau', 'Kepulauan Sangihe', 'Reguler', 'jne', 1, 1, NULL, 1150000, 76000, 1226000, NULL, 'dvdsfsdf', '2022-07-11 17:15:27', '2022-07-13 12:57:42');
INSERT INTO `data_pesanan` VALUES (72, 2, 'KDP-803179', 'Berau', 'Kepulauan Sangihe', 'Reguler', 'jne', 1, 1, NULL, 1150000, 76000, 1226000, NULL, 'dvdsfsdf', '2022-07-11 17:15:56', '2022-07-11 18:00:28');
INSERT INTO `data_pesanan` VALUES (73, 2, 'KDP-398258', 'Aceh Jaya', 'Barito Timur', 'Reguler', 'jne', 1, 1, NULL, 1053000, 74000, 1127000, NULL, 'dfsdfdfsd', '2022-07-11 17:26:46', '2022-07-13 12:57:24');
INSERT INTO `data_pesanan` VALUES (74, 2, 'KDP-304807', 'Barito Kuala', 'Bukittinggi', 'Reguler', 'jne', 1, 1, NULL, 270000, 65000, 335000, NULL, 'fsdfds', '2022-07-11 17:30:12', '2022-07-13 12:57:11');
INSERT INTO `data_pesanan` VALUES (75, 9, 'KDP-566063', 'Bekasi', 'Gorontalo Utara', 'Reguler', 'jne', 1, 1, 1, 2070000, 69000, 2139000, '1657538852_bukti-pembayaran-STAIM0002.jpg', 'kiki', '2022-07-11 18:26:30', '2022-07-19 11:30:11');
INSERT INTO `data_pesanan` VALUES (76, 2, 'KDP-272875', 'Bangka Tengah', 'Banyuasin', 'Reguler', 'jne', 1, 0, NULL, 21000, 35000, 56000, NULL, 'test', '2022-07-15 13:54:52', '2022-07-15 20:02:05');
INSERT INTO `data_pesanan` VALUES (77, 2, 'KDP-776906', 'Jakarta Pusat', 'Jayapura', 'Reguler', 'jne', 1, 1, 1, 485000, 105000, 590000, '1658368986_078857800_1501055779-4370282_9a01a2a1-cf58-45c2-9080-17ce5207a37a.jpg', 'rgreer', '2022-07-19 11:49:31', '2022-07-21 09:51:27');
INSERT INTO `data_pesanan` VALUES (78, 10, 'KDP-270223', 'Aceh Jaya', 'Bandung', 'Reguler', 'jne', 1, 1, 1, 106000, 44000, 150000, '1658356908_078857800_1501055779-4370282_9a01a2a1-cf58-45c2-9080-17ce5207a37a.jpg', 'test', '2022-07-21 05:30:43', '2022-07-21 05:43:55');
INSERT INTO `data_pesanan` VALUES (79, 10, 'KDP-349944', 'Barito Utara', 'Banyuasin', 'Reguler', 'jne', 1, 1, 1, 57000, 69000, 126000, '1658356892_078857800_1501055779-4370282_9a01a2a1-cf58-45c2-9080-17ce5207a37a.jpg', 'efw', '2022-07-21 05:38:00', '2022-07-21 05:42:28');
INSERT INTO `data_pesanan` VALUES (80, 10, 'KDP-566676', 'Aceh Selatan', 'Banyuasin', 'Reguler', '*', 1, 1, 1, 50000, 66000, 116000, '1658357376_078857800_1501055779-4370282_9a01a2a1-cf58-45c2-9080-17ce5207a37a.jpg', 'das', '2022-07-21 05:48:43', '2022-07-21 05:59:37');

-- ----------------------------
-- Table structure for data_pesanan_detail
-- ----------------------------
DROP TABLE IF EXISTS `data_pesanan_detail`;
CREATE TABLE `data_pesanan_detail`  (
  `id` bigint NOT NULL AUTO_INCREMENT,
  `pesanan_id` bigint NULL DEFAULT NULL,
  `barang_id` bigint NULL DEFAULT NULL,
  `nama_barang` varchar(100) CHARACTER SET latin1 COLLATE latin1_swedish_ci NULL DEFAULT NULL,
  `jumlah_item` int NULL DEFAULT NULL,
  `total_harga_barang` int NULL DEFAULT NULL,
  `created_at` datetime NULL DEFAULT NULL,
  `updated_at` datetime NULL DEFAULT NULL,
  PRIMARY KEY (`id`) USING BTREE,
  INDEX `barang_id`(`barang_id`) USING BTREE
) ENGINE = InnoDB AUTO_INCREMENT = 461 CHARACTER SET = latin1 COLLATE = latin1_swedish_ci ROW_FORMAT = Dynamic;

-- ----------------------------
-- Records of data_pesanan_detail
-- ----------------------------
INSERT INTO `data_pesanan_detail` VALUES (428, 63, 12, 'Olatte', 1, 7000, '2022-07-08 21:06:09', '2022-07-08 21:06:09');
INSERT INTO `data_pesanan_detail` VALUES (429, 63, 10, 'Nextar Choco', 4, 28000, '2022-07-08 21:06:09', '2022-07-08 21:06:09');
INSERT INTO `data_pesanan_detail` VALUES (430, 63, 16, 'Noah Parfume', 2, 90000, '2022-07-08 21:06:09', '2022-07-08 21:06:09');
INSERT INTO `data_pesanan_detail` VALUES (431, 63, 25, 'Telur Ayam', 4, 8000, '2022-07-08 21:06:09', '2022-07-08 21:06:09');
INSERT INTO `data_pesanan_detail` VALUES (432, 64, 2, 'Beras 30 Kg', 2, 460000, '2022-07-08 21:07:12', '2022-07-08 21:07:12');
INSERT INTO `data_pesanan_detail` VALUES (433, 64, 2, 'Beras 30 Kg', 2, 460000, '2022-07-08 21:07:12', '2022-07-08 21:07:12');
INSERT INTO `data_pesanan_detail` VALUES (434, 65, 14, 'Mama Lemon 500ml', 7, 56000, '2022-07-08 21:21:34', '2022-07-08 21:21:34');
INSERT INTO `data_pesanan_detail` VALUES (435, 65, 12, 'Olatte', 8, 56000, '2022-07-08 21:21:34', '2022-07-08 21:21:34');
INSERT INTO `data_pesanan_detail` VALUES (436, 66, 11, 'Pulpy Orange', 4, 24000, '2022-07-09 09:40:51', '2022-07-09 09:40:51');
INSERT INTO `data_pesanan_detail` VALUES (437, 66, 12, 'Olatte', 3, 21000, '2022-07-09 09:40:51', '2022-07-09 09:40:51');
INSERT INTO `data_pesanan_detail` VALUES (438, 66, 12, 'Olatte', 2, 14000, '2022-07-09 09:40:51', '2022-07-09 09:40:51');
INSERT INTO `data_pesanan_detail` VALUES (439, 67, 14, 'Mama Lemon 500ml', 3, 24000, '2022-07-09 10:15:45', '2022-07-09 10:15:45');
INSERT INTO `data_pesanan_detail` VALUES (440, 67, 2, 'Beras 30 Kg', 3, 690000, '2022-07-09 10:15:45', '2022-07-09 10:15:45');
INSERT INTO `data_pesanan_detail` VALUES (441, 67, 11, 'Pulpy Orange', 4, 24000, '2022-07-09 10:15:45', '2022-07-09 10:15:45');
INSERT INTO `data_pesanan_detail` VALUES (442, 68, 8, 'Super Bubur', 2, 8000, '2022-07-09 19:06:56', '2022-07-09 19:06:56');
INSERT INTO `data_pesanan_detail` VALUES (443, 68, 25, 'Telur Ayam', 2, 4000, '2022-07-09 19:06:56', '2022-07-09 19:06:56');
INSERT INTO `data_pesanan_detail` VALUES (444, 69, 16, 'Noah Parfume', 3, 135000, '2022-07-10 18:24:14', '2022-07-10 18:24:14');
INSERT INTO `data_pesanan_detail` VALUES (445, 70, 14, 'Mama Lemon 500ml', 2, 16000, '2022-07-11 10:57:15', '2022-07-11 10:57:15');
INSERT INTO `data_pesanan_detail` VALUES (446, 70, 25, 'Telur Ayam', 2, 4000, '2022-07-11 10:57:15', '2022-07-11 10:57:15');
INSERT INTO `data_pesanan_detail` VALUES (447, 72, 2, 'Beras 30 Kg', 5, 1150000, '2022-07-11 17:15:56', '2022-07-11 17:15:56');
INSERT INTO `data_pesanan_detail` VALUES (448, 73, 16, 'Noah Parfume', 23, 1035000, '2022-07-11 17:26:46', '2022-07-11 17:26:46');
INSERT INTO `data_pesanan_detail` VALUES (449, 73, 11, 'Pulpy Orange', 3, 18000, '2022-07-11 17:26:46', '2022-07-11 17:26:46');
INSERT INTO `data_pesanan_detail` VALUES (450, 74, 16, 'Noah Parfume', 6, 270000, '2022-07-11 17:30:12', '2022-07-11 17:30:12');
INSERT INTO `data_pesanan_detail` VALUES (451, 75, 2, 'Beras 30 Kg', 9, 2070000, '2022-07-11 18:26:30', '2022-07-11 18:26:30');
INSERT INTO `data_pesanan_detail` VALUES (452, 76, 12, 'Olatte', 3, 21000, '2022-07-15 13:54:52', '2022-07-15 13:54:52');
INSERT INTO `data_pesanan_detail` VALUES (453, 77, 2, 'Beras 30 Kg', 2, 460000, '2022-07-19 11:49:31', '2022-07-19 11:49:31');
INSERT INTO `data_pesanan_detail` VALUES (454, 77, 29, 'Aqua 600 ml', 2, 9000, '2022-07-19 11:49:31', '2022-07-19 11:49:31');
INSERT INTO `data_pesanan_detail` VALUES (455, 77, 14, 'Mama Lemon 500ml', 2, 16000, '2022-07-19 11:49:31', '2022-07-19 11:49:31');
INSERT INTO `data_pesanan_detail` VALUES (456, 78, 16, 'Noah Parfume', 2, 90000, '2022-07-21 05:30:43', '2022-07-21 05:30:43');
INSERT INTO `data_pesanan_detail` VALUES (457, 78, 14, 'Mama Lemon 500ml', 2, 16000, '2022-07-21 05:30:43', '2022-07-21 05:30:43');
INSERT INTO `data_pesanan_detail` VALUES (458, 79, 7, 'Indomie Goreng', 2, 7000, '2022-07-21 05:38:00', '2022-07-21 05:38:00');
INSERT INTO `data_pesanan_detail` VALUES (459, 79, 1, 'Minyak Goreng', 2, 50000, '2022-07-21 05:38:00', '2022-07-21 05:38:00');
INSERT INTO `data_pesanan_detail` VALUES (460, 80, 1, 'Minyak Goreng', 2, 50000, '2022-07-21 05:48:43', '2022-07-21 05:48:43');

-- ----------------------------
-- Table structure for data_ulasan
-- ----------------------------
DROP TABLE IF EXISTS `data_ulasan`;
CREATE TABLE `data_ulasan`  (
  `id` bigint NOT NULL AUTO_INCREMENT,
  `user_id` bigint NULL DEFAULT NULL,
  `barang_id` bigint NULL DEFAULT NULL,
  `komentar` varchar(200) CHARACTER SET latin1 COLLATE latin1_swedish_ci NULL DEFAULT NULL,
  `rating` int NULL DEFAULT NULL,
  `created_at` datetime NULL DEFAULT NULL,
  `updated_at` datetime NULL DEFAULT NULL,
  PRIMARY KEY (`id`) USING BTREE
) ENGINE = InnoDB AUTO_INCREMENT = 16 CHARACTER SET = latin1 COLLATE = latin1_swedish_ci ROW_FORMAT = Dynamic;

-- ----------------------------
-- Records of data_ulasan
-- ----------------------------
INSERT INTO `data_ulasan` VALUES (1, 2, 16, 'Barangnya Bagus, Cepat Sampai Tujuan, Pelayanan Ramah', 5, '2022-07-20 14:17:43', '2022-07-20 14:17:46');
INSERT INTO `data_ulasan` VALUES (2, 9, 16, 'Kondisi mulus gercep bet dah, cuman agak telat dikit', 4, '2022-07-20 14:18:48', '2022-07-20 14:18:51');
INSERT INTO `data_ulasan` VALUES (3, 2, 16, 'kurang bagus', 2, '2022-07-20 15:58:51', '2022-07-20 15:58:51');
INSERT INTO `data_ulasan` VALUES (4, 6, 16, 'mantap', 4, '2022-07-20 16:00:51', '2022-07-20 16:00:51');
INSERT INTO `data_ulasan` VALUES (5, 10, 16, 'barangnya joss.', 5, '2022-07-20 18:35:36', '2022-07-20 18:35:36');
INSERT INTO `data_ulasan` VALUES (6, 10, 1, 'Barang Sampai', 5, '2022-07-20 20:36:38', '2022-07-20 20:36:38');
INSERT INTO `data_ulasan` VALUES (7, 10, 11, 'test', 5, '2022-07-20 21:08:13', '2022-07-20 21:08:13');
INSERT INTO `data_ulasan` VALUES (8, 19, 2, 'asa', 2, '2022-07-21 06:39:11', '2022-07-21 06:39:11');
INSERT INTO `data_ulasan` VALUES (9, 19, 1, 'erre', 3, '2022-07-21 06:40:32', '2022-07-21 06:40:32');
INSERT INTO `data_ulasan` VALUES (10, 19, 16, 'erwrew', 4, '2022-07-21 06:41:20', '2022-07-21 06:41:20');
INSERT INTO `data_ulasan` VALUES (11, 19, 16, 'werwerwe', 1, '2022-07-21 06:41:29', '2022-07-21 06:41:29');
INSERT INTO `data_ulasan` VALUES (12, 19, 16, 'wrewrwe', 3, '2022-07-21 06:41:39', '2022-07-21 06:41:39');
INSERT INTO `data_ulasan` VALUES (13, 19, 16, 'rwerwerwe', 5, '2022-07-21 06:41:45', '2022-07-21 06:41:45');
INSERT INTO `data_ulasan` VALUES (14, 19, 16, 'werrwerwe', 4, '2022-07-21 06:41:51', '2022-07-21 06:41:51');
INSERT INTO `data_ulasan` VALUES (15, 19, 16, 'werwerwerwe', 4, '2022-07-21 06:41:59', '2022-07-21 06:41:59');

-- ----------------------------
-- Table structure for password_resets
-- ----------------------------
DROP TABLE IF EXISTS `password_resets`;
CREATE TABLE `password_resets`  (
  `email` varchar(255) CHARACTER SET utf8mb4 COLLATE utf8mb4_unicode_ci NOT NULL,
  `token` varchar(255) CHARACTER SET utf8mb4 COLLATE utf8mb4_unicode_ci NOT NULL,
  `created_at` timestamp NULL DEFAULT NULL,
  INDEX `password_resets_email_index`(`email`) USING BTREE
) ENGINE = InnoDB CHARACTER SET = utf8mb4 COLLATE = utf8mb4_unicode_ci ROW_FORMAT = Dynamic;

-- ----------------------------
-- Records of password_resets
-- ----------------------------
INSERT INTO `password_resets` VALUES ('arbi.yudatama@student.untan.ac.id', '$2y$10$9kGOgoyN7Cdm97al9YvYVeMqlNHQ8Ms3AGoyn2KZABH4mDIpqqhJi', '2022-07-05 04:43:06');

-- ----------------------------
-- Table structure for permission_role
-- ----------------------------
DROP TABLE IF EXISTS `permission_role`;
CREATE TABLE `permission_role`  (
  `permission_id` bigint UNSIGNED NOT NULL,
  `role_id` bigint UNSIGNED NOT NULL,
  PRIMARY KEY (`permission_id`, `role_id`) USING BTREE,
  INDEX `permission_role_role_id_foreign`(`role_id`) USING BTREE,
  CONSTRAINT `permission_role_ibfk_1` FOREIGN KEY (`permission_id`) REFERENCES `permissions` (`id`) ON DELETE CASCADE ON UPDATE CASCADE,
  CONSTRAINT `permission_role_ibfk_2` FOREIGN KEY (`role_id`) REFERENCES `roles` (`id`) ON DELETE CASCADE ON UPDATE CASCADE
) ENGINE = InnoDB CHARACTER SET = utf8mb4 COLLATE = utf8mb4_unicode_ci ROW_FORMAT = Dynamic;

-- ----------------------------
-- Records of permission_role
-- ----------------------------
INSERT INTO `permission_role` VALUES (1, 1);
INSERT INTO `permission_role` VALUES (1, 2);
INSERT INTO `permission_role` VALUES (2, 1);
INSERT INTO `permission_role` VALUES (2, 2);
INSERT INTO `permission_role` VALUES (3, 1);
INSERT INTO `permission_role` VALUES (3, 2);
INSERT INTO `permission_role` VALUES (4, 1);
INSERT INTO `permission_role` VALUES (4, 2);
INSERT INTO `permission_role` VALUES (5, 1);
INSERT INTO `permission_role` VALUES (6, 1);
INSERT INTO `permission_role` VALUES (7, 1);
INSERT INTO `permission_role` VALUES (8, 1);
INSERT INTO `permission_role` VALUES (9, 1);
INSERT INTO `permission_role` VALUES (9, 2);
INSERT INTO `permission_role` VALUES (9, 3);
INSERT INTO `permission_role` VALUES (10, 1);
INSERT INTO `permission_role` VALUES (10, 2);
INSERT INTO `permission_role` VALUES (10, 3);

-- ----------------------------
-- Table structure for permission_user
-- ----------------------------
DROP TABLE IF EXISTS `permission_user`;
CREATE TABLE `permission_user`  (
  `permission_id` bigint UNSIGNED NOT NULL,
  `user_id` bigint UNSIGNED NOT NULL,
  `user_type` varchar(255) CHARACTER SET utf8mb4 COLLATE utf8mb4_unicode_ci NOT NULL,
  PRIMARY KEY (`user_id`, `permission_id`, `user_type`) USING BTREE,
  INDEX `permission_user_permission_id_foreign`(`permission_id`) USING BTREE,
  CONSTRAINT `permission_user_ibfk_1` FOREIGN KEY (`permission_id`) REFERENCES `permissions` (`id`) ON DELETE CASCADE ON UPDATE CASCADE
) ENGINE = InnoDB CHARACTER SET = utf8mb4 COLLATE = utf8mb4_unicode_ci ROW_FORMAT = Dynamic;

-- ----------------------------
-- Records of permission_user
-- ----------------------------

-- ----------------------------
-- Table structure for permissions
-- ----------------------------
DROP TABLE IF EXISTS `permissions`;
CREATE TABLE `permissions`  (
  `id` bigint UNSIGNED NOT NULL AUTO_INCREMENT,
  `name` varchar(255) CHARACTER SET utf8mb4 COLLATE utf8mb4_unicode_ci NOT NULL,
  `display_name` varchar(255) CHARACTER SET utf8mb4 COLLATE utf8mb4_unicode_ci NULL DEFAULT NULL,
  `description` varchar(255) CHARACTER SET utf8mb4 COLLATE utf8mb4_unicode_ci NULL DEFAULT NULL,
  `created_at` timestamp NULL DEFAULT NULL,
  `updated_at` timestamp NULL DEFAULT NULL,
  PRIMARY KEY (`id`) USING BTREE,
  UNIQUE INDEX `permissions_name_unique`(`name`) USING BTREE
) ENGINE = InnoDB AUTO_INCREMENT = 11 CHARACTER SET = utf8mb4 COLLATE = utf8mb4_unicode_ci ROW_FORMAT = Dynamic;

-- ----------------------------
-- Records of permissions
-- ----------------------------
INSERT INTO `permissions` VALUES (1, 'users-create', 'Create Users', 'Create Users', '2022-07-02 09:47:29', '2022-07-02 09:47:29');
INSERT INTO `permissions` VALUES (2, 'users-read', 'Read Users', 'Read Users', '2022-07-02 09:47:29', '2022-07-02 09:47:29');
INSERT INTO `permissions` VALUES (3, 'users-update', 'Update Users', 'Update Users', '2022-07-02 09:47:29', '2022-07-02 09:47:29');
INSERT INTO `permissions` VALUES (4, 'users-delete', 'Delete Users', 'Delete Users', '2022-07-02 09:47:29', '2022-07-02 09:47:29');
INSERT INTO `permissions` VALUES (5, 'payments-create', 'Create Payments', 'Create Payments', '2022-07-02 09:47:29', '2022-07-02 09:47:29');
INSERT INTO `permissions` VALUES (6, 'payments-read', 'Read Payments', 'Read Payments', '2022-07-02 09:47:29', '2022-07-02 09:47:29');
INSERT INTO `permissions` VALUES (7, 'payments-update', 'Update Payments', 'Update Payments', '2022-07-02 09:47:29', '2022-07-02 09:47:29');
INSERT INTO `permissions` VALUES (8, 'payments-delete', 'Delete Payments', 'Delete Payments', '2022-07-02 09:47:29', '2022-07-02 09:47:29');
INSERT INTO `permissions` VALUES (9, 'profile-read', 'Read Profile', 'Read Profile', '2022-07-02 09:47:29', '2022-07-02 09:47:29');
INSERT INTO `permissions` VALUES (10, 'profile-update', 'Update Profile', 'Update Profile', '2022-07-02 09:47:29', '2022-07-02 09:47:29');

-- ----------------------------
-- Table structure for province
-- ----------------------------
DROP TABLE IF EXISTS `province`;
CREATE TABLE `province`  (
  `id` bigint NOT NULL AUTO_INCREMENT,
  `name` varchar(200) CHARACTER SET latin1 COLLATE latin1_swedish_ci NULL DEFAULT NULL,
  `created_at` datetime NULL DEFAULT NULL,
  `updated_at` datetime NULL DEFAULT NULL,
  PRIMARY KEY (`id`) USING BTREE
) ENGINE = InnoDB AUTO_INCREMENT = 35 CHARACTER SET = latin1 COLLATE = latin1_swedish_ci ROW_FORMAT = Dynamic;

-- ----------------------------
-- Records of province
-- ----------------------------
INSERT INTO `province` VALUES (1, 'Bali', '2022-07-08 17:45:35', '2022-07-08 17:45:35');
INSERT INTO `province` VALUES (2, 'Bangka Belitung', '2022-07-08 17:45:35', '2022-07-08 17:45:35');
INSERT INTO `province` VALUES (3, 'Banten', '2022-07-08 17:45:35', '2022-07-08 17:45:35');
INSERT INTO `province` VALUES (4, 'Bengkulu', '2022-07-08 17:45:35', '2022-07-08 17:45:35');
INSERT INTO `province` VALUES (5, 'DI Yogyakarta', '2022-07-08 17:45:35', '2022-07-08 17:45:35');
INSERT INTO `province` VALUES (6, 'DKI Jakarta', '2022-07-08 17:45:35', '2022-07-08 17:45:35');
INSERT INTO `province` VALUES (7, 'Gorontalo', '2022-07-08 17:45:35', '2022-07-08 17:45:35');
INSERT INTO `province` VALUES (8, 'Jambi', '2022-07-08 17:45:35', '2022-07-08 17:45:35');
INSERT INTO `province` VALUES (9, 'Jawa Barat', '2022-07-08 17:45:35', '2022-07-08 17:45:35');
INSERT INTO `province` VALUES (10, 'Jawa Tengah', '2022-07-08 17:45:35', '2022-07-08 17:45:35');
INSERT INTO `province` VALUES (11, 'Jawa Timur', '2022-07-08 17:45:35', '2022-07-08 17:45:35');
INSERT INTO `province` VALUES (12, 'Kalimantan Barat', '2022-07-08 17:45:35', '2022-07-08 17:45:35');
INSERT INTO `province` VALUES (13, 'Kalimantan Selatan', '2022-07-08 17:45:35', '2022-07-08 17:45:35');
INSERT INTO `province` VALUES (14, 'Kalimantan Tengah', '2022-07-08 17:45:35', '2022-07-08 17:45:35');
INSERT INTO `province` VALUES (15, 'Kalimantan Timur', '2022-07-08 17:45:35', '2022-07-08 17:45:35');
INSERT INTO `province` VALUES (16, 'Kalimantan Utara', '2022-07-08 17:45:35', '2022-07-08 17:45:35');
INSERT INTO `province` VALUES (17, 'Kepulauan Riau', '2022-07-08 17:45:35', '2022-07-08 17:45:35');
INSERT INTO `province` VALUES (18, 'Lampung', '2022-07-08 17:45:35', '2022-07-08 17:45:35');
INSERT INTO `province` VALUES (19, 'Maluku', '2022-07-08 17:45:35', '2022-07-08 17:45:35');
INSERT INTO `province` VALUES (20, 'Maluku Utara', '2022-07-08 17:45:35', '2022-07-08 17:45:35');
INSERT INTO `province` VALUES (21, 'Nanggroe Aceh Darussalam (NAD)', '2022-07-08 17:45:35', '2022-07-08 17:45:35');
INSERT INTO `province` VALUES (22, 'Nusa Tenggara Barat (NTB)', '2022-07-08 17:45:35', '2022-07-08 17:45:35');
INSERT INTO `province` VALUES (23, 'Nusa Tenggara Timur (NTT)', '2022-07-08 17:45:35', '2022-07-08 17:45:35');
INSERT INTO `province` VALUES (24, 'Papua', '2022-07-08 17:45:35', '2022-07-08 17:45:35');
INSERT INTO `province` VALUES (25, 'Papua Barat', '2022-07-08 17:45:35', '2022-07-08 17:45:35');
INSERT INTO `province` VALUES (26, 'Riau', '2022-07-08 17:45:35', '2022-07-08 17:45:35');
INSERT INTO `province` VALUES (27, 'Sulawesi Barat', '2022-07-08 17:45:35', '2022-07-08 17:45:35');
INSERT INTO `province` VALUES (28, 'Sulawesi Selatan', '2022-07-08 17:45:35', '2022-07-08 17:45:35');
INSERT INTO `province` VALUES (29, 'Sulawesi Tengah', '2022-07-08 17:45:35', '2022-07-08 17:45:35');
INSERT INTO `province` VALUES (30, 'Sulawesi Tenggara', '2022-07-08 17:45:35', '2022-07-08 17:45:35');
INSERT INTO `province` VALUES (31, 'Sulawesi Utara', '2022-07-08 17:45:35', '2022-07-08 17:45:35');
INSERT INTO `province` VALUES (32, 'Sumatera Barat', '2022-07-08 17:45:35', '2022-07-08 17:45:35');
INSERT INTO `province` VALUES (33, 'Sumatera Selatan', '2022-07-08 17:45:35', '2022-07-08 17:45:35');
INSERT INTO `province` VALUES (34, 'Sumatera Utara', '2022-07-08 17:45:35', '2022-07-08 17:45:35');

-- ----------------------------
-- Table structure for retur_penjualan
-- ----------------------------
DROP TABLE IF EXISTS `retur_penjualan`;
CREATE TABLE `retur_penjualan`  (
  `id` bigint NOT NULL AUTO_INCREMENT,
  `pesanan_id` bigint NULL DEFAULT NULL,
  `user_id` bigint NULL DEFAULT NULL,
  `bukti_barang` varchar(100) CHARACTER SET latin1 COLLATE latin1_swedish_ci NULL DEFAULT NULL,
  `status_aktif` int NULL DEFAULT NULL,
  `total_harga_pesanan` int NULL DEFAULT NULL,
  `kondisi` varchar(11) CHARACTER SET latin1 COLLATE latin1_swedish_ci NULL DEFAULT NULL,
  `created_at` datetime NULL DEFAULT NULL,
  `updated_at` datetime NULL DEFAULT NULL,
  PRIMARY KEY (`id`) USING BTREE
) ENGINE = InnoDB AUTO_INCREMENT = 6 CHARACTER SET = latin1 COLLATE = latin1_swedish_ci ROW_FORMAT = Dynamic;

-- ----------------------------
-- Records of retur_penjualan
-- ----------------------------
INSERT INTO `retur_penjualan` VALUES (1, 76, 2, '1657973039_078857800_1501055779-4370282_9a01a2a1-cf58-45c2-9080-17ce5207a37a.jpg', 2, 56000, 'robek', '2022-07-16 19:04:00', '2022-07-16 20:34:37');
INSERT INTO `retur_penjualan` VALUES (2, 74, 2, '1657973209_0b951821-47f1-41cc-9329-9a53ac55b60e.jpg', 2, 335000, 'robek', '2022-07-16 19:06:49', '2022-07-16 20:28:25');
INSERT INTO `retur_penjualan` VALUES (3, 73, 2, '1657973934_096191675b3682f21f75d01c8c3ed6ac.jfif', 2, 1127000, 'rusak', '2022-07-16 19:18:54', '2022-07-16 20:12:27');
INSERT INTO `retur_penjualan` VALUES (4, 78, 10, '1658357128_078857800_1501055779-4370282_9a01a2a1-cf58-45c2-9080-17ce5207a37a.jpg', 2, 150000, 'pecah', '2022-07-21 05:45:29', '2022-07-21 05:47:36');
INSERT INTO `retur_penjualan` VALUES (5, 77, 2, '1658371915_078857800_1501055779-4370282_9a01a2a1-cf58-45c2-9080-17ce5207a37a.jpg', 1, 590000, 'lecet', '2022-07-21 09:51:55', '2022-07-21 09:51:55');

-- ----------------------------
-- Table structure for role_user
-- ----------------------------
DROP TABLE IF EXISTS `role_user`;
CREATE TABLE `role_user`  (
  `role_id` bigint UNSIGNED NOT NULL,
  `user_id` bigint UNSIGNED NOT NULL,
  `user_type` varchar(255) CHARACTER SET utf8mb4 COLLATE utf8mb4_unicode_ci NOT NULL,
  PRIMARY KEY (`user_id`, `role_id`, `user_type`) USING BTREE,
  INDEX `role_user_role_id_foreign`(`role_id`) USING BTREE,
  CONSTRAINT `role_user_ibfk_1` FOREIGN KEY (`role_id`) REFERENCES `roles` (`id`) ON DELETE CASCADE ON UPDATE CASCADE
) ENGINE = InnoDB CHARACTER SET = utf8mb4 COLLATE = utf8mb4_unicode_ci ROW_FORMAT = Dynamic;

-- ----------------------------
-- Records of role_user
-- ----------------------------
INSERT INTO `role_user` VALUES (1, 1, 'App\\Models\\User');
INSERT INTO `role_user` VALUES (3, 2, 'App\\Models\\User');
INSERT INTO `role_user` VALUES (2, 3, 'App\\Models\\User');
INSERT INTO `role_user` VALUES (3, 4, 'App\\Models\\User');
INSERT INTO `role_user` VALUES (3, 5, 'App\\Models\\User');
INSERT INTO `role_user` VALUES (3, 6, 'App\\Models\\User');
INSERT INTO `role_user` VALUES (3, 7, 'App\\Models\\User');
INSERT INTO `role_user` VALUES (3, 8, 'App\\Models\\User');
INSERT INTO `role_user` VALUES (3, 9, 'App\\Models\\User');
INSERT INTO `role_user` VALUES (3, 10, 'App\\Models\\User');
INSERT INTO `role_user` VALUES (5, 11, 'App\\Models\\User');
INSERT INTO `role_user` VALUES (4, 12, 'App\\Models\\User');
INSERT INTO `role_user` VALUES (2, 13, 'App\\Models\\User');
INSERT INTO `role_user` VALUES (3, 18, 'App\\Models\\User');
INSERT INTO `role_user` VALUES (3, 19, 'App\\Models\\User');
INSERT INTO `role_user` VALUES (3, 20, 'App\\Models\\User');
INSERT INTO `role_user` VALUES (3, 21, 'App\\Models\\User');
INSERT INTO `role_user` VALUES (3, 22, 'App\\Models\\User');
INSERT INTO `role_user` VALUES (3, 23, 'App\\Models\\User');
INSERT INTO `role_user` VALUES (3, 24, 'App\\Models\\User');

-- ----------------------------
-- Table structure for roles
-- ----------------------------
DROP TABLE IF EXISTS `roles`;
CREATE TABLE `roles`  (
  `id` bigint UNSIGNED NOT NULL AUTO_INCREMENT,
  `name` varchar(255) CHARACTER SET utf8mb4 COLLATE utf8mb4_unicode_ci NOT NULL,
  `display_name` varchar(255) CHARACTER SET utf8mb4 COLLATE utf8mb4_unicode_ci NULL DEFAULT NULL,
  `description` varchar(255) CHARACTER SET utf8mb4 COLLATE utf8mb4_unicode_ci NULL DEFAULT NULL,
  `created_at` timestamp NULL DEFAULT NULL,
  `updated_at` timestamp NULL DEFAULT NULL,
  PRIMARY KEY (`id`) USING BTREE,
  UNIQUE INDEX `roles_name_unique`(`name`) USING BTREE
) ENGINE = InnoDB AUTO_INCREMENT = 6 CHARACTER SET = utf8mb4 COLLATE = utf8mb4_unicode_ci ROW_FORMAT = Dynamic;

-- ----------------------------
-- Records of roles
-- ----------------------------
INSERT INTO `roles` VALUES (1, 'developer', 'Developer', 'Developer', '2022-07-02 09:47:29', '2022-07-02 09:47:29');
INSERT INTO `roles` VALUES (2, 'administrator', 'Administrator', 'Administrator', '2022-07-02 09:47:29', '2022-07-02 09:47:29');
INSERT INTO `roles` VALUES (3, 'user', 'User', 'User', '2022-07-02 09:47:29', '2022-07-02 09:47:29');
INSERT INTO `roles` VALUES (4, 'storage', 'Gudang', 'Gudang', '2022-07-02 09:47:29', '2022-07-02 09:47:29');
INSERT INTO `roles` VALUES (5, 'pimpinan', 'Pimpinan', 'Pimpinan', '2022-07-02 09:47:29', '2022-07-02 09:47:29');

-- ----------------------------
-- Table structure for users
-- ----------------------------
DROP TABLE IF EXISTS `users`;
CREATE TABLE `users`  (
  `id` bigint UNSIGNED NOT NULL AUTO_INCREMENT,
  `pelanggan_id` varchar(20) CHARACTER SET utf8mb4 COLLATE utf8mb4_unicode_ci NULL DEFAULT NULL,
  `name` varchar(255) CHARACTER SET utf8mb4 COLLATE utf8mb4_unicode_ci NOT NULL,
  `alamat` varchar(100) CHARACTER SET utf8mb4 COLLATE utf8mb4_unicode_ci NULL DEFAULT NULL,
  `email` varchar(255) CHARACTER SET utf8mb4 COLLATE utf8mb4_unicode_ci NOT NULL,
  `email_verified_at` timestamp NULL DEFAULT NULL,
  `gambar_profil` varchar(100) CHARACTER SET utf8mb4 COLLATE utf8mb4_unicode_ci NULL DEFAULT NULL,
  `no_telp` varchar(17) CHARACTER SET utf8mb4 COLLATE utf8mb4_unicode_ci NULL DEFAULT NULL,
  `password` varchar(255) CHARACTER SET utf8mb4 COLLATE utf8mb4_unicode_ci NOT NULL,
  `remember_token` varchar(100) CHARACTER SET utf8mb4 COLLATE utf8mb4_unicode_ci NULL DEFAULT NULL,
  `role_id` varchar(20) CHARACTER SET utf8mb4 COLLATE utf8mb4_unicode_ci NULL DEFAULT NULL,
  `status_verifikasi` int NULL DEFAULT NULL,
  `created_at` timestamp NULL DEFAULT NULL,
  `updated_at` timestamp NULL DEFAULT NULL,
  PRIMARY KEY (`id`) USING BTREE,
  UNIQUE INDEX `users_email_unique`(`email`) USING BTREE
) ENGINE = InnoDB AUTO_INCREMENT = 255 CHARACTER SET = utf8mb4 COLLATE = utf8mb4_unicode_ci ROW_FORMAT = Dynamic;

-- ----------------------------
-- Records of users
-- ----------------------------
INSERT INTO `users` VALUES (1, NULL, 'Arbi Yudatama, S.Kom.', 'Jl. Parit H, Muksin 2, Komplek Kapuas Mas A.16', 'arbi.yudatama@student.untan.ac.id', NULL, '1657249075_arbi_2x2.jpg', '089698424476', '$2y$10$vCUhYckZcWluh8JF/fYVjOITpFDNjYdiKVPxzHO95EG9aXo4xGN/q', NULL, 'developer', 1, '2022-07-02 10:20:00', '2022-08-31 11:13:22');
INSERT INTO `users` VALUES (2, NULL, 'Meisha Melyana Virlyani', 'Jl. Arteri Supadio, Pontianak', 'meisha.virlyani24@gmail.com', NULL, '1657192833_IMG-20220605-WA0029.jpg', '089698424475', '$2y$10$5wQdFDmAZpi4hGAZ0SimTOX5QLe8BKk1cZGlOlNj2JTcQqRl75A5W', NULL, 'user', 1, '2022-07-02 10:49:03', '2022-07-07 18:20:33');
INSERT INTO `users` VALUES (3, NULL, 'Adrianus Domi', 'Jl. Arteri Supadio No. A3', 'adrianus195@student.untan.ac.id', NULL, 'default/default.png', '089698424474', '$2y$10$eUD.VSkwzyyqx3HrzQ8dAObz/pWHAeJhAYOUTPUqiEvEvePEt4ma6', NULL, 'administrator', 0, '2022-07-02 12:52:00', '2022-07-02 12:52:00');
INSERT INTO `users` VALUES (4, 'PID-0004', 'Arbi Yudatama (User)', 'Serdam', 'saradauchiha93@gmail.com', NULL, 'default/default.png', '089632771396', '$2y$10$rmobXQ9D8v87XHzP01Fj0e5lcW3Yg/oO87dKD3SAlR0zrodzWVK0u', NULL, 'user', 1, '2022-07-07 08:33:11', '2022-08-31 11:17:55');
INSERT INTO `users` VALUES (5, NULL, 'Sera Anggun Santika', NULL, 'sera.anggun.santika@gmail.com', NULL, 'default/default.png', NULL, '$2y$10$chXmBU2hcs4P48G8npddf.D5F4hC59ta18VUbL0jIcV4zNPyzXddm', NULL, 'user', 0, '2022-07-07 08:37:22', '2022-07-07 08:37:22');
INSERT INTO `users` VALUES (6, NULL, 'Salma Salsabila', 'Jl. Sungai Raya Dalam', 'salma.salsabila@student.untan.ac.id', NULL, '1658310347_IMG-20220605-WA0030.jpg', '089633771396', '$2y$10$Hf.uLiP/R1CN2vZKl6LrQewIjds4qAZUo7vfeQ09tZXuCdv.eBQaS', NULL, 'user', 1, '2022-07-07 08:39:47', '2022-07-20 16:45:48');
INSERT INTO `users` VALUES (7, NULL, 'Hendrikus Andre', NULL, 'hendrikus.andre@student.untan.ac.id', NULL, 'default/default.png', NULL, '$2y$10$9EeIs7RJkeHIoFS6n3hly.6kFDbfsO2Qj1x.Sgnq/80Q9ef45SpZS', NULL, 'user', 0, '2022-07-07 08:43:09', '2022-07-07 08:43:09');
INSERT INTO `users` VALUES (8, NULL, 'Muhammad Dwi Cahyadi', 'Jl. Sungai Raya Dalam, Komplek Bumi Batara 2 No A.12', 'dwichyd21@student.untan.ac.id', NULL, 'default/default.png', '081234567890', '$2y$10$B/Cght8f173O25IQ253Nbu09.hhl6nM2e7u93gSDq6.luDY2oMtCu', NULL, 'user', 1, '2022-07-07 17:38:13', '2022-07-07 21:41:12');
INSERT INTO `users` VALUES (9, 'PID-0009', 'Muhammad Fahrizal', 'yhyhyh', 'muhammad.fahrizal@student.untan.ac.id', NULL, '1657538653_87940115_2433727493393856_8551197809510973440_n.jpg', '089633771396', '$2y$10$197jP7UNjoNFOIFi1mfgV.grzPd8Sqkh954r6CwtQkgDJT2tw/ol6', NULL, 'user', 1, '2022-07-07 18:04:09', '2022-08-31 11:22:05');
INSERT INTO `users` VALUES (10, 'PID-0010', 'Widyaningsih', 'Jl. Parit Haji Husin 2', 'widyaningsih@gmail.com', NULL, '1658310531_Paimon_Stiker002.png', '081234567890', '$2y$10$kXxBzMmUJGuJUXRNIIv4DOluDJhCSEQ2nui.PfdeorQjVH5Zo6jFC', NULL, 'user', 1, '2022-07-07 21:44:18', '2022-08-31 11:23:44');
INSERT INTO `users` VALUES (11, NULL, 'User 01', '-', 'user.pimpinan01@gmail.com', NULL, '1657873547_default.png', '0', '$2y$10$scOMqSpcIoAjOR16aaJWP.DnHVRqYjh8iexf81q9phlLSdSWb.L1u', NULL, 'pimpinan', 1, '2022-07-15 15:08:41', '2022-07-15 15:55:44');
INSERT INTO `users` VALUES (12, NULL, 'User 02', NULL, 'user.gudang02@gmail.com', NULL, 'default/default.png', NULL, '$2y$10$MMPfgpYCGsWyjZwHa.7t9eDOr8tVNU5s.JvIyyuUjNBMscc4ziQ.6', NULL, 'gudang', 0, '2022-07-15 16:00:15', '2022-07-15 16:00:15');
INSERT INTO `users` VALUES (13, NULL, 'User 03', NULL, 'user.admin03@gmail.com', NULL, 'default/default.png', NULL, '$2y$10$clAHeQ1Gt9alkh5mhzD0gu7IWUPpUcnVZz16y97eBa1s8fRTvRuJK', NULL, 'administrator', 0, '2022-07-15 16:37:01', '2022-07-15 16:37:01');
INSERT INTO `users` VALUES (14, NULL, 'Deni', NULL, 'deni@gmail.com', NULL, 'default/default.png', NULL, '$2y$10$Z5u4ALtYYICHe8mAMDG34.2W9CKQ1aP7L5tPSBzEtYesXqPb1djZ2', NULL, 'user', 0, '2022-07-21 06:19:36', '2022-07-21 06:19:36');
INSERT INTO `users` VALUES (15, NULL, 'Deni2', NULL, 'deni2@gmail.com', NULL, 'default/default.png', NULL, '$2y$10$HjY94JcproHbCM9rq3KzjuxLer/xdBx.hk6ySxN7eTpcqq1O5oYiK', NULL, 'user', 0, '2022-07-21 06:20:12', '2022-07-21 06:20:12');
INSERT INTO `users` VALUES (16, NULL, 'Shanty Melani', NULL, 'shanty.melani@gmail.com', NULL, 'default/default.png', NULL, '$2y$10$TtgjyYT57w77vluT/mwFIebj60GQtcJF34CuYEn/A.n1kB0nYqkAy', NULL, 'user', 0, '2022-07-21 06:20:57', '2022-07-21 06:20:57');
INSERT INTO `users` VALUES (17, NULL, 'Shanty Melani 2', NULL, 'shanty.melani2@gmail.com', NULL, 'default/default.png', NULL, '$2y$10$D/mzQbKPIBbICJ7DmH6Dlu2u.EKckrMQyc8dwPFZuxIkpWAJyFh.G', NULL, 'user', 0, '2022-07-21 06:23:15', '2022-07-21 06:23:15');
INSERT INTO `users` VALUES (18, NULL, 'Shanty Melani 3', NULL, 'shanty.melani3@gmail.com', NULL, 'default/default.png', NULL, '$2y$10$vNG04JE/8FdQ1eyhSqtFTOxi5DeygjwlwRy5pXkaKcFg06Qf4hsNu', NULL, 'user', 0, '2022-07-21 06:24:29', '2022-07-21 06:24:29');
INSERT INTO `users` VALUES (19, NULL, 'Adrianus Domi 2', NULL, 'adrianus1952@student.untan.ac.id', NULL, 'default/default.png', NULL, '$2y$10$KyhkmB8Hv9OeSt.MYExQIu8R0hiJedAbItrFpDesbZBBux3ddfXCW', NULL, 'user', 0, '2022-07-21 06:25:30', '2022-07-21 06:25:30');
INSERT INTO `users` VALUES (20, NULL, 'Nadia 21', NULL, 'nadia21@gmail.com', NULL, 'default/default.png', NULL, '$2y$10$uyiWMOXv7lazxiq6OXBsJuYJPps04UmM2Ou3RjpB.8lZsvux5nhBG', NULL, 'user', 0, '2022-08-05 19:49:10', '2022-08-05 19:49:10');
INSERT INTO `users` VALUES (21, NULL, 'Faisal', NULL, 'faisal@gmail.com', NULL, NULL, NULL, '$2y$10$CyVOkT73W.KngmrZHYqr0uMYi.G2vWZ82Smbf8bFfCjQrXmlJy0CO', NULL, NULL, NULL, '2022-08-17 11:25:05', '2022-08-17 11:25:05');
INSERT INTO `users` VALUES (22, NULL, 'Muhammad Dwi Cahyadi', NULL, 'fonavo7343@steamoh.com', NULL, NULL, NULL, '$2y$10$NTnYh2D.K.pOzHwMVG0jDuYHzCYZ2k6usUF/p9o04I1jUEZWpl8D2', NULL, NULL, NULL, '2022-08-19 12:11:29', '2022-08-19 12:11:29');
INSERT INTO `users` VALUES (23, NULL, 'Renata Felania', 'Jl. Sungai Raya Dalam', 'renata.felania@gmail.com', NULL, 'default/default.png', '089633771396', '$2y$10$7SggHTGkgQWgnoL2X2tmzOq77FlOpnQ1nXiEovKOnfDEbw6LjdOAC', NULL, 'user', 1, '2022-08-31 10:57:00', '2022-08-31 10:57:35');
INSERT INTO `users` VALUES (24, 'PID-0024', 'Nindya Yulita Raharni', 'Jl. Ampera No 43', 'nindya.yulita25@gmail.com', NULL, 'default/default.png', '089633771391', '$2y$10$bmQ8o5wS9sg4JXF4aISMFuNJpWKNxayLfsZqx5xy4.6V1JxVM/f4K', NULL, 'user', 1, '2022-08-31 10:59:26', '2022-08-31 11:17:14');

SET FOREIGN_KEY_CHECKS = 1;
